,Path,Canonical,Transcript
0,thành_101_11,E m _1 r 7_X t _5b t_h i k _5b h wp a _1 h o Nm _2,r 7_X t _5b t_h i k _5b h wp a _1 h o Nm _2
1,thành_102_11,ts_ ie k _5b t_h M7 k _5b k E _3 m a_X w _2 k a m _1,ts_ u kp _5b ts_ u kp _5b tS E _3 m o t _6b S a N _1
2,thành_103_11,n a _1 d a N _1 v E _4 m o t _6b k o _1 G a j _5a,n a n _1 d a N _1 v E _4 m o t _6b k o _1 G a j _5a
3,thành_105_11,b o _5a m E _6a ts_ O _1 b E _5a v e _2 k wp e _1,b o _5a m E _6a ts_ O _1 b E _5a v e _2 m wp e _1
4,thành_106_12,h wp a _1 m a j _1 v a N _2,m a_X w _1 m a_X w _1 v e _2
5,thành_107_12,b E _5a r 7_X t _5b J 7 _5a b a _2,b E _5a v 7_X t _5b J 7 _5a b a _2
6,thành_108_12,t_h 7_X t _6b l a _2 t wp ie t _6b,t_h 7_X t _6b n a _2 t wp ie t _6b
8,thành_114_15,ts_ u _5a m E w _2 tS E w _2 k wp a _1 k M7 _3 S o _3,o _3 ts_ u _5a m E w _2 k a w _2 ts_ E w _2 k wp a _1 k M7 _3 S o _3
9,thành_116_15,m 7_X j _5a k O n _1 N M7 _6a d a N _1 a_X n _1 k O _3,m 7_X j _5a k O n _1 N M7 _6a d a N _1 a_X n _1 k O _3
12,thành_121_15,s E _1 k 7_X p _5b k M w _5a,s E _1 k 7_X p _5b k M w _5a s E _1 k 7_X p _5b k M w _5a
13,thành_123_15,k o _1 dZ a w _5a t_h 7_X t _6b G 7_X n _2 G u j _4,k o _1 dZ a w _5a t_h 7_X t _6b N 7_X n _2 G u j _4
14,thành_125_15,N a_X j _2 k uo j _5a t_h a N _5a n a_X m _1,N a_X j _2 k uo j _5a t a N _5a l a_X m _1
15,thành_128_15,J M N _4 M7 k _5b m 7 _1 k a w _1 d E p _6b,J M N _4 M7 k _5b m 7 _1 k a w _1 d E p _6b
16,thành_129_15,E m _1 t_h i k _5b h wp a _1 m a j _1 J 7_X t _5b,E m _1 t_h i k _5b h wp a _1 m a j _1 J 7_X t _5b
19,thành_130_15,k O n _1 G 7_X w _5a b o Nm _1 d E p _6b k wp a _5a,k O n _1 G 7_X w _5a b o Nm _1 d E p _6b wp a _5a
20,thành_131_16,G O_X kp _5b h O_X kp _6b t 7_X p _6b N a_X n _1 n a_X p _5b,G O_X kp _5b h O_X kp _6b t 7_X p _6b N a_X n _1 n a_X p _5b
21,thành_132_16,b a _2 m uo _1 k a m _1 ts_ O _1 b E _5a,b a _2 m uo _1 G a N _1 ts_ O _1 b E _5a o _2
22,thành_133_16,ts_ u kp _5b m M N _2 n a_X m _1 m 7 j _5a,ts_ u kp _5b m M N _2 n a_X m _1 m 7 j _5a
23,thành_134_16,m i J _2 v e _2 k wp e _1 t_h a_X m _1 o Nm _1 b a _2,m i J _2 v M7 _2 k wp a _1 t_h a_X m _1 o Nm _1 b a _2
24,thành_135_16,v M7 n _2 tS M7 _1 dZ O _5a m a t _5b,b uo n _2 tS M7 _1 t_h wp a N _5a m a t _5b
25,thành_136_16,ts_ 7 _6a h O p _6b 7 _3 b 7 _2 d e _1,ts_ 7 _6a h O p _6b 7 _3 b 7 _2 d e _1
26,thành_137_16,b a _2 d M7 _1 b E _5a d i _1 ts_ 7 _6a,ts_ 7 _6a b a _2 d M7 _1 b E _5a d i _1 ts_ 7 _6a
27,thành_138_16,N i _3 h E _2 b E _5a v e _2 k wp e _1,k wp i _3 h E _2 b E _5a v e _2 k wp e _1
28,thành_139_16,m o t _6b b uo j _3 S a N _5a m uo _2 t_h u _1,l o j _3 dZ O _5a m uo _2 t_h u _1
31,thành_141_16,h ie p _6b S i _4 b a_X t _5b ie w _1 t i J _1,z M7 k _6b S i _4 m a_X t _5b l i m _1 t i m _1
32,thành_142_16,v M7 n _2 tS M7 _1 dZ O _5a m a t _5b,v M7 n _2 tS M7 _1 t_h wp a N _5a m a t _5b
33,thành_144_16,E m _1 r 7_X t _5b k wp i _5a m e n _5a k o _1,E m _1 r 7_X t _5b v u _1 7_X j _5a k o _1
34,thành_145_16,b E _5a t 7_X p _6b v ie t _5b,b E _5a t 7_X p _6b v ie t _5b
35,thành_146_16,k O n _1 k a w _5a v a _2 ts_ u m _2 J O _1,k O n _1 ts_ O _5a m a _2 tS u m _2 J O _1
36,thành_147_17,m uo _2 d o Nm _1 l E_X J _6a k wp a _5a,a _5a v M7 n _2 d a_X w _1 J a_X j _6a k wp a _5a
37,thành_148_17,J M N _4 k a_X n _1 J a _2 G o _4 s i J _1 s a_X n _5a,J M N _1 k 7_X j _1 J a _2 m uo _1 s M7 N _1 s E_X J _5a
38,thành_149_17,J M N _4 d a m _5a m 7_X j _1 m a_X w _2 h o Nm _2,J M N _4 d a m _5a m 7_X j _1 m a_X w _2 h o Nm _2 M m _2
41,thành_150_17,o Nm _1 E m _1 tS o Nm _2 k 7_X j _1 s wp a j _2 tS M7 k _5b S 7_X n _1,o Nm _1 E m _1 ts_ o Nm _2 k 7_X j _1 ts_ O _2 tS M7 k _5b S 7_X n _1
7,thành_10_18,E m _1 ts_ a w _2 k o _1 a _6a,E m _1 ts_ a w _2 k o _1 a _6a
10,thành_11_18,k o _1 dZ a w _5a m i m _3 k M7 j _2 t_h 7_X t _6b t M7 j _1,k o _1 dZ a w _5a m i m _3 k M7 j _2 t_h 7_X t _6b t M7 j _1
17,thành_12_18,k a_X p _6b S E_X k _5b k O _5a m a_X w _2 s E_X J _1 r 7_X t _5b d E p _6b,k a_X p _6b S E_X k _5b k O _5a m a_X w _2 s E_X J _1 r 7_X t _5b d E p _6b
29,thành_13_18,k o kp _5b n M7 k _5b k O _5a m a_X w _2 tS a_X N _5a r 7_X t _5b d E p _6b,k o kp _5b n M7 k _5b k O _5a m a_X w _2 tS a_X N _5a r 7_X t _5b d E p _6b
39,thành_14_18,t o j _1 l a _2 k a _1 S i _4 n o j _3 t ie N _5a,t ie N _5a t o j _1 n a _2 k a _1 S i _4 n o j _3 t ie N _5a
42,thành_15_18,t o j _1 m uo n _5a k O _5a m o t _6b k uo n _5a S E_X k _5b,t o j _1 m uo n _5a k O _5a m o t _6b k wp ie n _5a S E_X k _5b
44,thành_16_18,J M N _4 k O n _1 O_X Nm _1 t_h 7_X t _6b l a _2 ts_ a_X m _1 ts_ i _3,J M N _4 k O n _1 O_X Nm _1 t_h 7_X t _6b ts_ a_X m _1 ts_ i _3
48,thành_19_18,b u p _5b b e _1 S ie w _1 J 7_X n _1 G 7_X w _5a b o Nm _1,b u p _5b b i _1 b u p _5b b e _1 s e _1 J E_X J _1 G 7_X w _5a b o Nm _1
49,thành_1_18,ts_ a_X w _5a d a N _1 l a m _2 dZ i _2 v 7_X j _6a,ts_ a_X w _5a n a m _2 dZ i _2 v 7_X j _6a
51,thành_20_18,k a j _5a n o j _2 d e _3 m E _6a n 7_X w _5a k E_X J _1,k a j _5a n o j _2 d e _3 m E _6a n 7_X w _5a k E_X J _1
60,thành_2_18,b o Nm _1 k u kp _5b t a_X m _5a n a_X N _5a m a_X t _6b tS 7 j _2,b o Nm _1 k u kp _5b t a_X m _5a n a_X N _5a m a_X t _6b tS 7 j _2
66,thành_3_18,t_h e _5a dZ 7 j _5a t_h ie n _1 J ie n _1 t_h 7_X t _6b d E p _6b,t_h e _5a dZ 7 j _5a t_h ie n _1 J ie n _1 t_h 7_X t _6b d E p _6b
73,thành_4_18,k O _5a t ie N _5a d o Nm _6a dZ i _2 l a _6a l a_X m _5a,t ie N _5a d o Nm _6a dZ i _2 l a _6a l a_X m _5a
77,thành_5_18,k 7_X j _1 s 7_X w _5a h o _3 h E _5a m a_X t _5b J i n _2,k 7_X j _1 s 7_X w _5a h o _2 h E _5a m a_X t _5b J i n _2
87,thành_6_18,m E _6a m 7 j _5a m uo _1 o _1 t o _1,m E _6a m 7 j _5a m uo _1 o _1 t o _1
97,thành_7_18,E m _1 d a N _1 a_X n _1 k 7 m _1,E m _1 d a N _1 a_X n _1 k 7 m _1
106,thành_8_18,b a n _6a h a_X N _2 t i J _5a k E_X k _5b r 7_X t _5b v u j _1 v E _3,b a n _6a h a_X N _2 t i J _5a k E_X k _5b r 7_X t _5b v u j _1 v E _3
114,thành_9_18,t 7_X j _3 k O _5a m u j _2 z 7_X w _1 r 7_X t _5b t_h 7 m _1,t 7_X j _3 k O _5a m u j _2 z 7_X w _1 r 7_X t _5b t_h 7 m _1
11,thành_11_2,k o _1 dZ a w _5a m i m _3 k M7 j _2 t_h 7_X t _6b t M7 j _1,t M7 j _1 k o _1 dZ a w _5a m i m _3 k M7 j _2 t_h 7_X t _6b t M7 j _1
18,thành_12_2,k a_X p _6b S E_X k _5b k O _5a m a_X w _2 s E_X J _1 r 7_X t _5b d E p _6b,k a_X p _6b s E_X k _5b k O _5a m a_X w _2 s E_X J _1 r 7_X t _5b d E p _6b
30,thành_13_2,k o kp _5b n M7 k _5b k O _5a m a_X w _2 tS a_X N _5a r 7_X t _5b d E p _6b,tS a_X N _5a r 7_X t _5b d E p _6b k o Nm _1 k o kp _5b n M7 k _5b k O _5a m a_X w _2 tS a_X N _5a r 7_X t _5b d E p _6b
40,thành_14_2,t o j _1 l a _2 k a _1 S i _4 n o j _3 t ie N _5a,ie N _5a t o j _1 l a _2 k a _1 S i _4 n o j _3 t ie N _5a
43,thành_15_2,t o j _1 m uo n _5a k O _5a m o t _6b k uo n _5a S E_X k _5b,t o j _1 k O _5a m o t _6b t o j _1 m uo n _5a k O _5a m o t _6b k uo n _5a S E_X k _5b
45,thành_16_2,J M N _4 k O n _1 O_X Nm _1 t_h 7_X t _6b l a _2 ts_ a_X m _1 ts_ i _3,J M N _4 k O n _1 O_X Nm _1 t_h 7_X t _6b ts_ a_X m _1 ts_ i _3
46,thành_17_2,h wp a _1 S E n _1 k O _5a m u j _2 r 7_X t _5b t_h 7 m _1,h wp a _1 S E n _1 k O _5a m u j _2 r 7_X t _5b t_h 7 m _1 h wp a _1 S E n _1 k O _5a m u j _2 r 7_X t _5b t_h 7 m _1
47,thành_18_2,k a j _5a t u _3 l E_X J _6a z u Nm _2 d e _3 l a m _2 dZ i _2,k a j _5a t u _3 l E_X J _6a z u Nm _2 d e _3 l a m _2 dZ i _2
50,thành_20_1,k a j _5a n o j _2 d e _3 m E _6a n 7_X w _5a k E_X J _1,k a j _2 l o n _2 d e _3 m E _6a l 7_X w _5a k E_X J _1 M m _2
52,thành_22_3,b a j _2 h O_X kp _6b d 7_X w _2 t ie n _1 k uo _3 G 7_X w _5a k O n _1,b a j _2 h O_X kp _6b d 7_X w _2 t ie n _1 k uo _3 b o _5a k O n _1
53,thành_23_3,h o m _1 n a_X j _1 l a _2 t_h M _5a S a_X w _5a,b a_X j _1 l a _2 t_h M _5a S a_X w _5a
54,thành_24_3,E m _1 t_h M k _5b z 7_X j _6a t M _2 S a_X w _5a dZ 7 _2,t M k _5b t 7_X j _6a t M _2 t a_X w _5a t 7 _2
55,thành_25_4,b uo j _3 tS M7 _1 E m _1 a_X n _1 k 7 m _1 7 _3 tS M7 N _2,tS M7 N _2 b o _5a ts_ O _1 E m _1 a_X n _1 k 7 m _1 7 _3 tS M7 N _2
56,thành_26_4,t ie t _5b h O_X kp _6b v u j _1 k wp a _5a,t ie t _5b h O_X kp _6b M m _2 v u j _1 k wp a _5a
57,thành_27_4,m u j _2 x wp a j _1 n M7 N _5a t_h 7 m _1 k wp a _5a,k wp a _5a m u j _2 h M7 N _1 n a_X j _2 t_h 7 m _1 k wp a _5a
58,thành_28_4,h M7 N _1 k O _5a k u _3 x wp a j _1 l a N _1,a N _1 h M7 N _1 k O _5a k u _3 x wp a j _1 l a n _1
59,thành_29_5,J a_X t _6b m o t _6b ts_ ie k _5b l a _5a r 7 j _1,m o t _6b ts_ ie k _5b n O j _1 z O j _1
61,thành_31_4,k a _5a x o Nm _1 a_X n _1 m uo j _5a k a _5a M7 n _1,k a _5a h o Nm _1 a_X n _1 m uo j _5a k a _5a M7 n _1
62,thành_33_5,o Nm _1 b a _2 k O _5a x wp E _3 x o Nm _1 a _6a,a k _5b o kp _5b b a _2 k O _5a x wp E _3 x o Nm _1 a _2
63,thành_35_5,S ie w _1 J 7_X n _1 k uo N _2 f O_X Nm _1,S ie w _1 S ie w _1 J 7_X n _1 k uo N _2 f O_X Nm _1
64,thành_36_5,G 7_X w _5a k O n _1 k a m _3 7 n _1 b a k _5b v O j _1,f O j _1 G 7_X w _5a k O _1 k a _5a m o t _6b b a t _5b v O j _5a
65,thành_38_5,k O n _1 r a _1 v M7 n _2 h a j _5a t a w _5a,O _6a k O n _1 z a _1 v M7 n _2 h a j _5a t a w _5a
67,thành_41_6,E m _1 b E _5a d a N _1 n a_X m _2 N u _3,u _5a E m _1 b E _5a d a N _1 n a_X m _2 N u _3
68,thành_42_6,b a _2 k O_X Nm _2 d i _1 ts_ 7 _6a tS 7 j _2 m M7 _1,M7 _1 b a _2 k O_X Nm _2 d i _1 ts_ 7 _2 tS 7 j _2 m M _1
69,thành_44_6,b a k _5b S i _4 d a N _1 x a m _5a b e J _6a,b a k _5b S i _4 d a N _1 x a m _5a b e J _6a
70,thành_45_6,m E _6a l a n _1 d a N _1 l a_X w _1 S a n _2 J a _2,l a n _1 d a N _1 l a_X w _1 S a n _2 J a _2 m E _6a l a n _1 d a N _1 l a_X w _1 S a n _2 J a _2
71,thành_47_6,tS 7 j _2 n o j _3 dZ O _5a t O _1,dZ O _5a t O _1 tS 7 j _2 n o j _3 dZ O _5a t O _1
72,thành_4_1,k O _5a t ie N _5a d o Nm _6a dZ i _2 l a _6a l a_X m _5a,d o Nm _6a dZ i _2 l a _6a l a_X m _5a k O _5a t ie N _5a d o Nm _6a dZ i _2 l a _6a l a_X m _5a
74,thành_50_6,h o m _1 n a_X j _1 tS 7 j _2 l E_X J _6a k wp a _5a,o m _1 n a_X j _1 tS 7 j _2 l E_X J _6a k wp a _5a
75,thành_53_7,N M7 _6a f i _1 J E_X J _1 J M _1 b a_X j _1,N M7 _6a p i _1 J E_X J _1 J M _1 b a_X j _1
76,thành_59,E_X J _1 G a _2 tS o Nm _5a b a_X j _1 l e n _1,E_X J _1 G a _2 tS o Nm _5a b a_X j _1 l e n _1
78,thành_61_8,ts_ u kp _5b k O n _1 N u _3 N O n _1,ts_ u kp _5b k O n _1 N u _3 N O n _1
79,thành_62_8,m E _6a ie w _1 k O n _1,m E _6a ie w _1 k O n _1
80,thành_63_8,t_h a w _3 r 7_X t _5b ie w _1 k wp e _1 h M7 N _1 m i J _2,t_h a_X N _5a z 7_X t _5b ie w _1 k wp e _1 h M7 N _1 m i J _2
81,thành_64_8,k 7 n _1 m M7 _1 r a w _2 k E w _5a d e n _5a,k 7 n _1 m M7 _1 r a w _2 7 _3 d e n _5a
82,thành_65_8,tS 7 j _2 N a_X j _2 k a N _2 l E_X J _6a h 7 n _1,tS 7 j _1 N a_X j _2 k a N _2 n E_X J _6a h 7 n _1
83,thành_66_8,l a _5a k 7_X j _1 m uo _2 t_h u _1,n a _5a k 7 _1 m uo _2 t_h u _1
84,thành_68_8,t e n _1 b a n _6a l a _2 dZ i _2,k a k _5b b a n _6a n 7 j _5a s e _5a
85,thành_69_8,k 7_X j _1 k o j _5a u m _1 t u m _2,k o j _5a u m _1 t u m _2 k 7_X j _1 k o j _5a u m _1 t u m _2
86,thành_6_1,m E _6a m 7 j _5a m uo _1 o _1 t o _1,b o _1 r u _1 t o _1
88,thành_70_8,O_X Nm _1 ts_ uo _5a b a_X j _1 v e _2 t o _3,o Nm _1 ts_ uo _5a b a_X j _1 v e _2 t o _3
89,thành_71_9,k wp e _1 h M7 N _1 l a _2 ts_ u m _2 x e _5a N O t _6b,k e _1 k M7 N _1 n a _2 tS u m _2 k e _5a N O t _6b
90,thành_72_9,tS 7 j _2 m uo _2 t_h u _1 m a t _5b m E _3,E _3 tS 7 j _2 m uo _2 t_h u _1 m a t _5b m E _3
91,thành_73_9,ts_ a w _1 o j _1 h a_X j _1 k wp a _5a,ts_ 7 _6a 7 j _1 h a_X j _1 k wp a _5a
92,thành_75_9,E m _1 b E _5a d a N _1 N wp a n _1 N wp a n _4 a_X n _1 k 7 m _1,E m _1 b E _2 d a N _1 N wp a n _1 N wp a n _4 a_X n _1 k 7 m _1
93,thành_76_9,m 7 j _5a S a N _5a t i J _1 m 7 _1,m 7 j _2 S a N _5a t i J _1 m 7 _1
94,thành_78_9,b a n _6a J O _3 t_h a _3 z ie w _2 tS e n _1 k E_X J _5a d o Nm _2,o Nm _1 b a n _6a J O _3 t_h a _3 z ie w _2 tS e n _1 k E_X J _5a d o Nm _2
95,thành_79_9,E n _5a k O n _1 d a N _1 b a_X j _1 k wp a _1 S o Nm _1,t a_X N _5a k O n _1 d a N _1 b a_X j _1 k wp a _1 S o Nm _1
96,thành_7_1,E m _1 d a N _1 a_X n _1 k 7 m _1,a_X n _1 k 7 m _1
98,thành_81_9,m o t _6b ts_ ie k _5b l M7 k _6b r 7_X t _5b d E p _6b,ts_ ie k _5b n M7 _3 r 7_X t _5b d E p _6b M m _2
99,thành_82_9,t_h O _3 k O n _1 J i n _2 k a w _5a,t_h a w _3 k O n _1 J i n _2 k a w _5a
100,thành_84_9,b E _5a t 7_X p _6b d O_X kp _6b,b E _5a t 7_X p _6b d O_X kp _6b
101,thành_85_9,t o j _1 tS 7 _3 v e _2 k wp e _1 h M7 N _1,t o j _1 S E _5a v e _2 k wp e _1 h M7 N _1
102,thành_86_9,d M7 N _2 v e _2 s a _1 l a_X k _5b s a _1 l 7 _1,d M7 N _2 v e _2 s a _1 l a_X k _5b s a _1 h M7 N _1
103,thành_87_9,t o j _1 d e n _5a t_h a_X m _1 E_X J _1 h a j _1 t o j _1,o j _1 t o j _1 d e n _5a t_h a_X m _1 E_X J _1 h a j _1 t o j _1
104,thành_88_10,E m _1 ie w _1 N o j _1 J a _2 k uo _3 E m _1,E m _1 ie w _1 N o j _1 J a _2 k uo _3 E m _1
105,thành_89_10,E m _1 ie w _1 t ie N _5a ts_ i m _1,E m _1 ie w _1 t ie N _5a ts_ i m _1
107,thành_90_10,m uo _2 h E _2 d e n _5a r o j _2,b uo _2 h E _2 d e n _5a r o j _2
108,thành_91_10,o Nm _1 7 j _1 o Nm _1 k O _5a x wp E _3 x o Nm _1,o Nm _1 7 j _1 o Nm _1 k O _5a x wp E _3 x o Nm _1
109,thành_93_10,b o _5a m E _6a dZ u p _5b k O n _1 ts_ wp 7_X n _3 b i _6a J E _5a,b o _5a m a_X t _6b l u kp _5b k O n _1 ts_ wp 7_X n _3 b i _6a J E _5a
110,thành_95_10,s O m _5a l a N _2 d o Nm _2 r uo N _6a r M N _2 k 7_X j _1,s O m _5a l a N _2 d o Nm _2 r uo N _6a r M N _2 k 7_X j _1
111,thành_96_10,tS a N _1 t_h M7 N _1 ts_ u _5a h e _2 l a_X m _5a,tS a N _1 t M7 N _1 ts_ u _5a h e _2 l a_X m _5a
112,thành_98_10,k wp e _1 t 7 _5a 7 _3 h a j _3 f O_X Nm _2,k wp e _1 t 7 _5a 7 _3 h a j _3 f O_X Nm _2
113,thành_99_10,v M7 n _2 k 7_X j _1 d 7_X m _1 ts_ o j _2 n 7_X j _3 l o kp _6b,v M7 n _2 k 7_X j _1 t 7_X m _1 ts_ o j _2 n a_X j _3 l o kp _6b
210,tú_101_8,E m _1 r 7_X t _5b t_h i k _5b h wp a _1 h o Nm _2,r 7_X t _5b t_h i k _5b h wp a _1 h o Nm _2
211,tú_104_8,E m _1 v E _4 m o t _6b k o _1 t ie n _1,E m _1 v E _4 m o t _6b k o _1 t ie n _1
212,tú_105_8,b o _5a m E _6a ts_ O _1 b E _5a v e _2 k wp e _1,b o _5a m E _6a ts_ O _1 b E _5a v e _2 k wp e _1
213,tú_107_6,b E _5a r 7_X t _5b J 7 _5a b a _2,b E _5a r 7_X t _5b J 7 _5a b a j _2
214,tú_108_6,t_h 7_X t _6b l a _2 t wp ie t _6b,t_h 7_X t _6b l a _2 t wp ie t _6b
215,tú_109_6,k E_X J _5a h wp a _1 J O _3 J M _1 v a_X j _3 k a _5a,k E_X J _5a h wp a _1 J O _3 J M _1 v a_X j _3 k a _5a
216,tú_110_6,tS 7 j _2 d a N _1 r 7_X t _5b l E_X J _6a,tS 7 j _2 d a N _1 r 7_X t _5b l E_X J _6a
217,tú_112_6,k O n _1 ts_ i m _1 S 7 n _1 k a _1 k 7_X t _5b t ie N _5a h O t _5b,k O n _1 ts_ i m _1 S 7 n _1 z a N _1 k 7_X t _5b t ie N _5a h O t _5b
218,tú_116_6,m 7_X j _5a k O n _1 N M7 _6a d a N _1 a_X n _1 k O _3,m 7_X j _5a k O n _1 N M7 _6a d a N _1 a_X n _1 k O _3
219,tú_118_6,d M7 _5a tS E _3 ts_ i _3 m 7 j _5a S a_X w _5a t uo j _3,d M7 _5a tS E _3 ts_ i _3 m 7 j _5a S a_X w _5a t uo j _3
220,tú_119_6,m a_X t _6b d E p _6b S a N _5a N 7 j _2,m a_X t _6b d E p _6b S a N _5a N 7 j _2
221,tú_11_2,k o _1 dZ a w _5a m i m _3 k M7 j _2 t_h 7_X t _6b t M7 j _1,k o _1 dZ a w _5a m i m _3 k M7 j _2 t_h 7_X t _6b t M7 j _1
222,tú_121_5,s E _1 k 7_X p _5b k M w _5a,s E _1 k 7_X p _5b k i w _5a
223,tú_122_5,E m _1 dZ M _4 dZ i n _2 h o p _6b b u t _5b k 7_X n _3 t_h 7_X n _6a,E m _1 dZ M _4 dZ i n _2 b u t _5b k 7_X n _3 t_h 7_X n _6a
224,tú_123_5,k o _1 dZ a w _5a t_h 7_X t _6b G 7_X n _2 G u j _4,k o _1 dZ a w _5a t_h 7_X t _6b G 7_X n _2 G u j _4
225,tú_124_5,dZ O _5a m uo _2 d o Nm _1 b a_X k _5b ts_ 7 t _6b v e _2,dZ O _5a m uo _2 d o Nm _1 b a_X k _5b tS a n _2 v e _2
226,tú_125_5,N a_X j _2 k uo j _5a t_h a N _5a n a_X m _1,N a_X j _2 k uo j _5a t_h a N _5a n a_X m _1
227,tú_128_5,J M N _4 M7 k _5b m 7 _1 k a w _1 d E p _6b,M7 k _5b m 7 _1 k a w _1 d E p _6b
228,tú_12_2,k a_X p _6b S E_X k _5b k O _5a m a_X w _2 s E_X J _1 r 7_X t _5b d E p _6b,E_X J _1 k a_X p _6b S E_X k _5b k O _5a m a_X w _2 s E_X J _1 r 7_X t _5b d E p _6b
229,tú_130_5,k O n _1 G 7_X w _5a b o Nm _1 d E p _6b k wp a _5a,k O n _1 G 7_X w _5a b o Nm _1 d E p _6b k wp a _5a
230,tú_132_5,b a _2 m uo _1 k a m _1 ts_ O _1 b E _5a,b a _2 m uo _1 k a m _1 ts_ O _1 b E _5a
231,tú_133_12,ts_ u kp _5b m M N _2 n a_X m _1 m 7 j _5a,n a_X m _1 m 7 j _5a
232,tú_137_12,b a _2 d M7 _1 b E _5a d i _1 ts_ 7 _6a,b E _5a d i _1 ts_ 7 _6a
233,tú_141_4,h ie p _6b S i _4 b a_X t _5b ie w _1 t i J _1,b a_X t _5b ie w _1 t i J _1
234,tú_142_4,v M7 n _2 tS M7 _1 dZ O _5a m a t _5b,v M7 n _2 tS M7 _1 v O _3 m a t _5b
235,tú_144_4,E m _1 r 7_X t _5b k wp i _5a m e n _5a k o _1,E m _1 r 7_X t _5b k wp i _5a m e n _5a k o _1
236,tú_145_4,b E _5a t 7_X p _6b v ie t _5b,b E _5a t 7_X p _6b v ie t _5b
237,tú_146_4,k O n _1 k a w _5a v a _2 ts_ u m _2 J O _1,k O n _1 k a _5a v a _2 k i _2 n O _1
238,tú_147_4,m uo _2 d o Nm _1 l E_X J _6a k wp a _5a,m o _2 t o Nm _1 l E_X J _6a k wp a _5a
239,tú_148_4,J M N _4 k a_X n _1 J a _2 G o _4 s i J _1 s a_X n _5a,J M N _5a k a_X n _1 J a _2 G o _5a t_h i J _1 t_h a_X n _5a
240,tú_149_4,J M N _4 d a m _5a m 7_X j _1 m a_X w _2 h o Nm _2,J M N _5a d a m _5a m 7_X j _1 m a_X w _2 h o Nm _2
241,tú_14_2,t o j _1 l a _2 k a _1 S i _4 n o j _3 t ie N _5a,t o j _1 l a _2 k a _1 S i _5a n o j _3 t ie N _5a
242,tú_150_4,o Nm _1 E m _1 tS o Nm _2 k 7_X j _1 s wp a j _2 tS M7 k _5b S 7_X n _1,o Nm _1 E m _1 tS o Nm _2 k 7_X j _1 t_h wp a j _2 tS M7 k _5b S 7_X n _1
243,tú_16_2,J M N _4 k O n _1 O_X Nm _1 t_h 7_X t _6b l a _2 ts_ a_X m _1 ts_ i _3,o Nm _1 t_h 7_X t _6b l a _2 ts_ a_X m _1 ts_ i _3
244,tú_17_2,h wp a _1 S E n _1 k O _5a m u j _2 r 7_X t _5b t_h 7 m _1,h wp a _1 S E n _1 k O _5a m u j _2 r 7_X t _5b t_h 7 m _1
245,tú_18_2,k a j _5a t u _3 l E_X J _6a z u Nm _2 d e _3 l a m _2 dZ i _2,k a j _5a t_h u _3 l 7 n _6a n a_X j _2 z u Nm _2 l a m _2 dZ i _2
246,tú_19_2,b u p _5b b e _1 S ie w _1 J 7_X n _1 G 7_X w _5a b o Nm _1,b e _1 S ie w _1 J 7_X n _1 G 7_X w _5a b o Nm _1
247,tú_20_2,k a j _5a n o j _2 d e _3 m E _6a n 7_X w _5a k E_X J _1,n o j _2 d e _3 m E _6a n 7_X w _5a k E_X J _1
248,tú_21_3,k 7_X w _6a d i _1 ts_ 7_X m _6a J M _1 r uo _2 7_X j _5a,d i _1 ts_ 7_X m _6a J M _1 r uo _2 7_X j _5a
249,tú_22_3,b a j _2 h O_X kp _6b d 7_X w _2 t ie n _1 k uo _3 G 7_X w _5a k O n _1,k 7_X p _6b d 7_X w _2 t ie n _1 k uo _3 G 7_X w _5a k O n _1
250,tú_23_3,h o m _1 n a_X j _1 l a _2 t_h M _5a S a_X w _5a,n a_X j _1 l a _2 t_h M _5a S a_X w _5a
251,tú_24_3,E m _1 t_h M k _5b z 7_X j _6a t M _2 S a_X w _5a dZ 7 _2,t_h M k _5b z 7_X j _6a t M _2 S a_X w _5a dZ 7 _2
252,tú_25_3,b uo j _3 tS M7 _1 E m _1 a_X n _1 k 7 m _1 7 _3 tS M7 N _2,b uo j _3 tS M7 _1 E m _1 a_X n _1 k 7 m _1 7 _3 tS M7 N _2
253,tú_27_3,m u j _2 x wp a j _1 n M7 N _5a t_h 7 m _1 k wp a _5a,x wp a _1 l uo _5a t_h 7 m _1 k wp a _5a
254,tú_29_3,J a_X t _6b m o t _6b ts_ ie k _5b l a _5a r 7 j _1,m o t _6b ts_ ie k _5b l a _5a r 7 j _1
255,tú_30_3,ts_ i m _1 S 7_X w _1 J ie w _2 t_h e _5a,i m _1 S 7_X w _1 J ie w _2 t_h e _5a
256,tú_31_1,k a _5a x o Nm _1 a_X n _1 m uo j _5a k a _5a M7 n _1,k a _5a x o Nm _1 a_X n _1 m uo j _5a k a _5a M7 n _1
257,tú_33_1,o Nm _1 b a _2 k O _5a x wp E _3 x o Nm _1 a _6a,b a _2 k O _5a x wp E _3 x o Nm _1 a _6a
258,tú_35_1,S ie w _1 J 7_X n _1 k uo N _2 f O_X Nm _1,J 7_X n _1 k uo N _2 f O_X Nm _1
259,tú_36_1,G 7_X w _5a k O n _1 k a m _3 7 n _1 b a k _5b v O j _1,k O n _1 k a m _3 7 n _1 b a k _5b v O j _1
260,tú_37_1,E_X J _1 h u Nm _2 b ie n _3 k a _3,h u Nm _2 b ie n _3 k a _3
261,tú_37_12,E_X J _1 h u Nm _2 b ie n _3 k a _3,E_X J _1 h u Nm _2 b ie n _3 k a _3
262,tú_38_1,k O n _1 r a _1 v M7 n _2 h a j _5a t a w _5a,t a _1 v M7 n _2 h a j _5a t a w _5a
263,tú_38_12,k O n _1 r a _1 v M7 n _2 h a j _5a t a w _5a,r a _1 v M7 n _2 h a j _5a t a w _5a
264,tú_39_1,G 7_X w _5a k O n _1 b M N _1 t a w _5a m 7 j _2 b o _5a m E _6a,k O n _1 m M N _1 t a w _5a m 7 j _2 b o _5a m E _6a
265,tú_40_1,m E _6a l a _2 N M7 j _2 f u _6a n M _4 h ie n _2 z i w _6a,l a _2 N M7 j _2 f u _6a n M _4 h ie n _2 z i w _6a
266,tú_41_12,E m _1 b E _5a d a N _1 n a_X m _2 N u _3,E m _1 b E _5a d a N _1 n a_X m _2 N u _3
267,tú_44_11,b a k _5b S i _4 d a N _1 x a m _5a b e J _6a,b a k _5b S i _5a d a N _1 x a m _5a b e J _6a
268,tú_46_11,n u _6a h o n _1 tS e n _1 b a n _2 t a_X j _1,h o n _1 tS e n _1 b a n _2 t a_X j _1
269,tú_49_11,k E_X J _2 l ie w _4 b ie t _5b b a_X j _1,m 7 j _1 b a_X j _1
270,tú_50_11,h o m _1 n a_X j _1 tS 7 j _2 l E_X J _6a k wp a _5a,h o m _1 n a_X j _1 tS 7 j _2 n E_X J _6a k wp a _5a
271,tú_51_11,b o _5a l a m _2 dZ i _2 k u Nm _4 x E w _5a l E w _5a,7 _5a n a m _2 dZ i _2 k u Nm _4 h E w _5a l E w _5a
272,tú_52_11,m E _6a t e t _5b t O_X kp _5b ts_ O _1 E m _1,m E _6a E t _5b z a k _5b ts_ O _1 E m _1
273,tú_53_11,N M7 _6a f i _1 J E_X J _1 J M _1 b a_X j _1,E _5a J E_X J _1 J M _1 b a_X j _1
274,tú_54_11,a j _1 N wp a n _1 S E _4 d M7 k _6b t_h M7 N _3,a j _1 N wp a n _1 s E _4 z M7 k _6b ts_ M7 _3
275,tú_55_11,ts_ ie k _5b r e _4 d a _1 tS O n _2,ts_ ie k _5b z e _5a d a _1 ts_ O n _2
276,tú_56_10,b 7_X w _2 tS 7 j _2 s E_X J _1 t_h a_X m _1 t_h a_X m _3,b 7_X w _1 tS 7 j _1 s E_X J _1 t_h a_X m _1 t_h a_X m _1
277,tú_57_10,t o j _1 d M7 _1 m E_X J _3 dZ 7_X j _5a ts_ O _1 N M7 j _2 m E _6a,t o j _1 d M7 _1 m E_X J _1 dZ 7_X j _1 ts_ O _1 N M7 j _1 m E _1
278,tú_58_10,o Nm _1 s E m _1 v a _2 k a_X w _1 m a_X j _2,o Nm _1 s E n _1 v a _2 k a_X w _1 m a_X t _6b
279,tú_59_10,E_X J _1 G a _2 tS o Nm _5a b a_X j _1 l e n _1,E_X J _1 G a _1 tS o Nm _1 b a_X j _1 l e n _1
280,tú_60_10,b E _5a d M7 _1 m a_X t _5b J i n _2 k wp E_X J _1,b E _1 d M7 _1 m a_X t _5b J i n _1 k wp E_X J _1
281,tú_61_10,ts_ u kp _5b k O n _1 N u _3 N O n _1,ts_ u kp _5b k O n _1 N u _1 N O n _1
282,tú_62_10,m E _6a ie w _1 k O n _1,m E _1 ie w _1 k O n _1
283,tú_63_10,t_h a w _3 r 7_X t _5b ie w _1 k wp e _1 h M7 N _1 m i J _2,t_h a w _3 r 7_X t _5b ie w _1 k wp e _1 h M7 n _1 m i J _2
284,tú_64_10,k 7 n _1 m M7 _1 r a w _2 k E w _5a d e n _5a,k 7 n _1 m M7 _1 r a w _1 k E w _1 d e n _1
285,tú_65_10,tS 7 j _2 N a_X j _2 k a N _2 l E_X J _6a h 7 n _1,tS 7 j _2 N a_X j _2 k a N _2 n E_X J _6a h 7 n _1
286,tú_66_10,l a _5a k 7_X j _1 m uo _2 t_h u _1,n a _5a k 7_X j _1 m uo _2 t_h u m _1
287,tú_67_10,J i m _5a k O n _1 v o _1 k u Nm _2 N a k _6b J ie n _1,k O n _1 v o _1 k u Nm _2 N a t _6b J ie n _1
288,tú_68_10,t e n _1 b a n _6a l a _2 dZ i _2,t e n _1 b a n _1 l a _1 dZ i _1
289,tú_69_10,k 7_X j _1 k o j _5a u m _1 t u m _2,k 7_X j _1 k o j _1 u m _1 t u m _1
290,tú_70_10,O_X Nm _1 ts_ uo _5a b a_X j _1 v e _2 t o _3,O_X Nm _1 ts_ uo _1 b a_X j _1 v e _1 t o _1
291,tú_71_9,k wp e _1 h M7 N _1 l a _2 ts_ u m _2 x e _5a N O t _6b,k wp e _1 h M7 N _1 n a _2 tS u m _2 x e _5a N O t _6b
292,tú_72_9,tS 7 j _2 m uo _2 t_h u _1 m a t _5b m E _3,7 j _2 m uo _2 t_h u _1 m a t _5b m E _3
293,tú_73_9,ts_ a w _1 o j _1 h a_X j _1 k wp a _5a,a _1 o j _1 h a_X j _1 k wp a _5a
294,tú_74_9,t_h 7_X t _6b l a _2 t wp ie t _6b z ie w _6a,t_h 7_X t _6b n a _2 t ie t _6b z ie w _6a
295,tú_75_9,E m _1 b E _5a d a N _1 N wp a n _1 N wp a n _4 a_X n _1 k 7 m _1,b E _5a d a N _1 N wp a n _1 N wp a n _4 a_X n _1 k 7 m _1
296,tú_76_9,m 7 j _5a S a N _5a t i J _1 m 7 _1,7 j _5a S a N _5a t i J _1 m 7 _1
297,tú_77_9,ts_ i _1 v a w _2 t_h a_X m _1 v M7 n _2 h wp a _1,h i _1 v a w _2 t_h a_X m _1 v M7 n _2 h wp a _1
298,tú_78_9,b a n _6a J O _3 t_h a _3 z ie w _2 tS e n _1 k E_X J _5a d o Nm _2,b a n _6a J O _3 t_h a _3 z ie w _2 tS e n _1 k E_X J _5a d o Nm _2
299,tú_79_9,E n _5a k O n _1 d a N _1 b a_X j _1 k wp a _1 S o Nm _1,E n _5a k O n _1 d a N _1 m a_X j _1 k wp a _1 S o Nm _1
300,tú_80_9,J O _1 k O n _2 s E_X J _1 l a_X m _5a,O _1 k O n _2 s E_X J _1 n a_X m _5a
301,tú_81_9,m o t _6b ts_ ie k _5b l M7 k _6b r 7_X t _5b d E p _6b,m o t _6b ts_ ie k _5b l M7 k _6b z 7_X t _5b d E p _6b
302,tú_82_9,t_h O _3 k O n _1 J i n _2 k a w _5a,k O n _1 J i n _2 k a w _5a
303,tú_83_8,k a k _5b b a n _6a k O _5a k wp E n _1 z e _5a m E n _2 x o Nm _1,k a k _5b b a n _6a k O _5a k wp e n _1 z e _5a m E n _2 n o Nm _1
304,tú_84_8,b E _5a t 7_X p _6b d O_X kp _6b,b E _5a t 7_X p _6b d O_X kp _6b
305,tú_85_8,t o j _1 tS 7 _3 v e _2 k wp e _1 h M7 N _1,t o j _1 tS 7 _3 k wp e _2 k wp e _1 h wp 7 _1
306,tú_86_8,d M7 N _2 v e _2 s a _1 l a_X k _5b s a _1 l 7 _1,d M7 N _2 v e _2 s a _1 l a_X k _5b s a _1 l 7 _1
307,tú_87_8,t o j _1 d e n _5a t_h a_X m _1 E_X J _1 h a j _1 t o j _1,t o j _1 d e n _5a h a j _1 t_h E_X J _1 a j _1 t o j _1
308,tú_88_8,E m _1 ie w _1 N o j _1 J a _2 k uo _3 E m _1,E m _1 ie w _1 m uo _1 J a _2 k uo _3 E m _1
309,tú_89_7,E m _1 ie w _1 t ie N _5a ts_ i m _1,d ie N _5a d i m _1
310,tú_90_7,m uo _2 h E _2 d e n _5a r o j _2,h E _2 d e n _5a r o j _2
311,tú_91_7,o Nm _1 7 j _1 o Nm _1 k O _5a x wp E _3 x o Nm _1,o j _1 o Nm _1 o Nm _1 k O _5a x wp E _3 h o Nm _1
312,tú_92_7,d u Nm _5a l u kp _5b d O _5a tS 7 j _2 d o _3 m M7 _1,h o p _5b d O _5a t 7 j _2 t o _3 m M7 _1
313,tú_93_7,b o _5a m E _6a dZ u p _5b k O n _1 ts_ wp 7_X n _3 b i _6a J E _5a,b o _5a m E _6a t u p _5b t O n _1 t wp 7_X n _3 b i _6a J E _5a
314,tú_94_7,J a _2 h M7 N _1 tS o Nm _1 t_h 7_X t _6b l a _2 d E p _6b,z u Nm _1 t_h o Nm _1 t_h 7_X t _6b n a _2 d E p _6b
315,tú_96_7,tS a N _1 t_h M7 N _1 ts_ u _5a h e _2 l a_X m _5a,r u _5a h wp e _2 n O_X Nm _5a
316,tú_97_7,k O n _1 m E w _2 l o Nm _1 v a N _2 O_X Nm _5a,t O n _1 m E w _2 n o Nm _1 v a N _2 n O_X Nm _5a
317,tú_98_7,k wp e _1 t 7 _5a 7 _3 h a j _3 f O_X Nm _2,t 7 _5a 7 _3 z a j _6a v O_X Nm _2
318,tú_99_7,v M7 n _2 k 7_X j _1 d 7_X m _1 ts_ o j _2 n 7_X j _3 l o kp _6b,v M7 n _2 v M7 n _2 t 7_X j _1 t 7_X m _1 t o j _2 n a_X j _3 n O_X kp _6b
115,tuyến_1-1,ts_ a_X w _5a d a N _1 l a m _2 dZ i _2 v 7_X j _6a,ts_ a_X w _5a d a N _1 l a m _2 dZ i _2 v 7_X j _6a
116,tuyến_10-1,E m _1 ts_ a w _2 k o _1 a _6a,E m _1 ts_ a w _2 k o _1 a _6a
117,tuyến_100-9,J M N _4 dZ O t _6b S M7 N _1 l O_X Nm _1 l E_X J _1,l 7 _6a S M7 N _1 l O_X Nm _1 l a_X n _1
118,tuyến_101-9,E m _1 r 7_X t _5b t_h i k _5b h wp a _1 h o Nm _2,E m _1 r 7_X t _5b t_h i t _5b x wp a _1 h o Nm _2
119,tuyến_102-9,ts_ ie k _5b t_h M7 k _5b k E _3 m a_X w _2 k a m _1,ts_ e t _5b t_h M7 k _5b k E _3 m a_X w _2 k a m _1
120,tuyến_103-9,n a _1 d a N _1 v E _4 m o t _6b k o _1 G a j _5a,d a _4 h a j _1 dZ a _1 d i J _2 b E _5a m o t _6b k o _1 G a j _5a
121,tuyến_104-9,E m _1 v E _4 m o t _6b k o _1 t ie n _1,E m _1 v E _4 m o t _6b k o _1 t ie n _1
122,tuyến_105-11,b o _5a m E _6a ts_ O _1 b E _5a v e _2 k wp e _1,b o _5a m E _6a ts_ O _1 b E _5a v e _2 k wp e _1
123,tuyến_107-10,b E _5a r 7_X t _5b J 7 _5a b a _2,b E _5a r 7_X t _5b J 7 _5a b a _2
124,tuyến_109-11,k E_X J _5a h wp a _1 J O _3 J M _1 v a_X j _3 k a _5a,k E_X J _5a h wp a _1 J O _3 J M _1 v a_X j _3 k a _5a
125,tuyến_11-2,k o _1 dZ a w _5a m i m _3 k M7 j _2 t_h 7_X t _6b t M7 j _1,k o _1 dZ a w _5a m i m _3 k M7 j _2 t_h 7_X t _6b t M7 j _1
126,tuyến_110-10,tS 7 j _2 d a N _1 r 7_X t _5b l E_X J _6a,tS 7 j _2 d a N _1 r 7_X t _5b n E_X J _6a
127,tuyến_111-11,k O n _1 l M7 _2 r 7 j _1 s uo N _5a m o t _6b k a j _5a dZ ie N _5a,k O n _1 n M7 _2 z 7 j _1 s uo N _5a m o t _6b k a j _5a z ie n _5a
128,tuyến_112-11,k O n _1 ts_ i m _1 S 7 n _1 k a _1 k 7_X t _5b t ie N _5a h O t _5b,k O n _1 ts_ i m _1 S 7_X n _1 k a _1 k 7_X t _5b t ie N _5a h O t _5b
129,tuyến_113-11,b uo j _3 ts_ ie w _2 m uo _2 h E _2 t_h 7_X t _6b d a N _5a ie w _1,b uo j _3 ts_ ie w _2 m uo _2 h E _2 t_h 7_X t _6b d a N _5a ie w _1
130,tuyến_115-11,b o Nm _1 t O_X kp _5b t ie n _1 k E_X J _5a m O_X Nm _3 J M _1 l uo _6a,b o Nm _1 t O_X kp _5b t ie n _1 k a_X n _5a m O_X Nm _3 J M _1 l uo _6a
131,tuyến_116-11,m 7_X j _5a k O n _1 N M7 _6a d a N _1 a_X n _1 k O _3,m 7_X j _5a k O n _1 N M7 _6a d a N _1 a_X n _1 k O _3
132,tuyến_118-11,d M7 _5a tS E _3 ts_ i _3 m 7 j _5a S a_X w _5a t uo j _3,d M7 _5a tS E _3 ts_ i _3 m 7 j _5a S a_X w _5a t uo j _3
133,tuyến_12-2,k a_X p _6b S E_X k _5b k O _5a m a_X w _2 s E_X J _1 r 7_X t _5b d E p _6b,k a_X p _6b S E_X k _5b k O _5a m a_X w _2 s E_X J _1 r 7_X t _5b d E p _6b
134,tuyến_120-10,t o j _1 l a _2 ts_ u _5a b o _6a d o j _6a,t o j _1 n a _2 ts_ u _5a b o _6a d o j _6a
135,tuyến_122-11,E m _1 dZ M _4 dZ i n _2 h o p _6b b u t _5b k 7_X n _3 t_h 7_X n _6a,E m _1 l M _4 l i n _5a h o p _6b b u t _5b k 7_X n _3 t_h 7_X n _6a
136,tuyến_123-10,k o _1 dZ a w _5a t_h 7_X t _6b G 7_X n _2 G u j _4,k o _1 dZ a w _5a t_h 7_X n _2 G 7_X n _2 G u j _5a
137,tuyến_13-2,k o kp _5b n M7 k _5b k O _5a m a_X w _2 tS a_X N _5a r 7_X t _5b d E p _6b,k o kp _5b n M7 k _5b k O _5a m a_X w _2 tS a_X N _5a r 7_X t _5b d E p _6b
138,tuyến_130-10,k O n _1 G 7_X w _5a b o Nm _1 d E p _6b k wp a _5a,k O n _1 G 7_X w _5a b o Nm _1 d E p _6b k wp a _5a
139,tuyến_132-10,b a _2 m uo _1 k a m _1 ts_ O _1 b E _5a,p a _1 m uo _1 k E m _1 ts_ O _1 b E _5a
140,tuyến_14-2,t o j _1 l a _2 k a _1 S i _4 n o j _3 t ie N _5a,t o j _1 l a _2 k a _1 S i _4 n o j _3 t ie N _5a
141,tuyến_15-2,t o j _1 m uo n _5a k O _5a m o t _6b k uo n _5a S E_X k _5b,t o j _1 m uo n _5a k O _5a m o t _6b k uo n _5a S E_X k _5b
142,tuyến_16-2,J M N _4 k O n _1 O_X Nm _1 t_h 7_X t _6b l a _2 ts_ a_X m _1 ts_ i _3,J M N _4 k O n _1 n O_X Nm _1 t_h 7_X t _6b l a _2 ts_ a_X m _1 ts_ i _3
143,tuyến_17-2,h wp a _1 S E n _1 k O _5a m u j _2 r 7_X t _5b t_h 7 m _1,h wp a _1 S E n _1 k O _5a m u j _2 r 7_X t _5b t_h 7 m _1
144,tuyến_18-2,k a j _5a t u _3 l E_X J _6a z u Nm _2 d e _3 l a m _2 dZ i _2,k a j _5a t u _3 l E_X J _6a z u Nm _2 d e _3 l a m _2 dZ i _2
145,tuyến_19-2,b u p _5b b e _1 S ie w _1 J 7_X n _1 G 7_X w _5a b o Nm _1,b u p _5b b e _1 S ie w _1 J 7_X N _1 G 7_X w _5a b o Nm _1
146,tuyến_2-1,b o Nm _1 k u kp _5b t a_X m _5a n a_X N _5a m a_X t _6b tS 7 j _2,b o Nm _1 k u kp _5b t a_X m _5a n a_X N _5a m a_X t _6b tS 7 j _2
147,tuyến_20-2,k a j _5a n o j _2 d e _3 m E _6a n 7_X w _5a k E_X J _1,k a j _5a n o j _2 m E _6a d e _3 n 7_X w _5a k E_X J _1
148,tuyến_21-3,k 7_X w _6a d i _1 ts_ 7_X m _6a J M _1 r uo _2 7_X j _5a,k 7_X w _6a d i _1 ts_ 7_X m _6a J M _1 k O n _1 r uo _2 7_X j _5a
149,tuyến_22-3,b a j _2 h O_X kp _6b d 7_X w _2 t ie n _1 k uo _3 G 7_X w _5a k O n _1,b a j _2 d O_X kp _6b d 7_X w _2 t ie n _1 k uo _3 G 7_X w _5a k O n _1
150,tuyến_23-3,h o m _1 n a_X j _1 l a _2 t_h M _5a S a_X w _5a,h o m _1 n a_X j _1 n a _2 ts_ M _5a S a_X w _5a
151,tuyến_24-3,E m _1 t_h M k _5b z 7_X j _6a t M _2 S a_X w _5a dZ 7 _2,E m _1 t_h M k _5b z 7_X j _6a t M _2 S a_X w _5a dZ 7 _2
152,tuyến_25-3,b uo j _3 tS M7 _1 E m _1 a_X n _1 k 7 m _1 7 _3 tS M7 N _2,b uo j _3 tS M7 _1 E m _1 a_X n _1 k 7 m _1 7 _3 tS M7 N _2
153,tuyến_26-3,t ie t _5b h O_X kp _6b v u j _1 k wp a _5a,h O_X kp _6b v u j _1 k wp a _5a
154,tuyến_27-3,m u j _2 x wp a j _1 n M7 N _5a t_h 7 m _1 k wp a _5a,o j _2 x wp a j _1 l M7 N _5a t_h 7 m _1 k wp a _5a
155,tuyến_28-3,h M7 N _1 k O _5a k u _3 x wp a j _1 l a N _1,k u _1 h M7 N _1 k O _5a k u _3 h wp a j _1 l a N _1
156,tuyến_29-3,J a_X t _6b m o t _6b ts_ ie k _5b l a _5a r 7 j _1,J a_X t _6b d M7 k _6b m o t _6b ts_ ie k _5b l a _5a r 7 j _1
157,tuyến_3-1,t_h e _5a dZ 7 j _5a t_h ie n _1 J ie n _1 t_h 7_X t _6b d E p _6b,t_h e _5a dZ 7 j _5a t_h ie n _1 J ie n _1 t_h 7_X t _6b d E p _6b
158,tuyến_30-3,ts_ i m _1 S 7_X w _1 J ie w _2 t_h e _5a,S 7_X w _1 J ie w _2 t_h e _5a
159,tuyến_31-4,k a _5a x o Nm _1 a_X n _1 m uo j _5a k a _5a M7 n _1,a_X n _1 m uo j _5a k a _5a M7 n _1
160,tuyến_32-4,k a j _5a ts_ o j _3 d e _3 k wp E t _5b J a _2,E _5a ts_ o j _3 d e _3 k wp E t _5b J a _2
161,tuyến_33-4,o Nm _1 b a _2 k O _5a x wp E _3 x o Nm _1 a _6a,o Nm _1 b a _2 k O _5a x wp E _3 x o Nm _1 a _6a
162,tuyến_34-4,ts_ uo t _6b k O n _1 d a N _5a ie w _1,o _1 k O n _1 d a N _5a ie w _1 o _1 k e _1
163,tuyến_35-4,S ie w _1 J 7_X n _1 k uo N _2 f O_X Nm _1,ie w _1 7_X n _1 k uo N _2 f O_X Nm _1
164,tuyến_36-4,G 7_X w _5a k O n _1 k a m _3 7 n _1 b a k _5b v O j _1,7_X w _5a k O n _1 k a m _3 7 n _1 b a k _5b v O j _1
165,tuyến_37-4,E_X J _1 h u Nm _2 b ie n _3 k a _3,r a _1 v M7 n _2 h a j _5a t a w _5a
166,tuyến_38-4,k O n _1 r a _1 v M7 n _2 h a j _5a t a w _5a,G 7_X w _5a k O n _1 b M N _1 t a w _5a d u t _5b ts_ O _1 b o _5a m E _6a
167,tuyến_39-4,G 7_X w _5a k O n _1 b M N _1 t a w _5a m 7 j _2 b o _5a m E _6a,E m _1 b E _5a d a N _1 n a_X m _2 N u _3
168,tuyến_4-1,k O _5a t ie N _5a d o Nm _6a dZ i _2 l a _6a l a_X m _5a,k O _5a t ie N _5a d o Nm _6a dZ i _2 l a _6a l a_X m _5a
169,tuyến_40-5,m E _6a l a _2 N M7 j _2 f u _6a n M _4 h ie n _2 z i w _6a,u _6a m E _6a l a _2 N M7 j _2 f u _6a n M _4 h ie n _2 z i w _6a
170,tuyến_42-5,b a _2 k O_X Nm _2 d i _1 ts_ 7 _6a tS 7 j _2 m M7 _1,M _2 M m _2 d i _1 ts_ 7 j _1 tS 7 j _2 m M7 _1
171,tuyến_43-5,b E_X J _5a k wp i _1 x o Nm _1 N O n _1,b E_X J _5a k wp i _1 x o Nm _1 N O n _1
172,tuyến_44-5,b a k _5b S i _4 d a N _1 x a m _5a b e J _6a,b a k _5b S i _4 d a N _1 x a m _5a b e J _6a
173,tuyến_45-5,m E _6a l a n _1 d a N _1 l a_X w _1 S a n _2 J a _2,b a n _6a d a N _1 l a_X w _1 S a n _2 J a _2
174,tuyến_48-5,k 7_X j _1 l ie w _4 x o Nm _1 N M N _2 l a_X k _5b l M _1,k 7_X j _1 l ie w _4 x o Nm _1 N M N _2 M m _2 l a_X k _5b l M _1
175,tuyến_49-5,k E_X J _2 l ie w _4 b ie t _5b b a_X j _1,E_X J _2 l ie w _4 b ie t _5b b a_X j _1
176,tuyến_5-1,k 7_X j _1 s 7_X w _5a h o _3 h E _5a m a_X t _5b J i n _2,k 7_X j _1 s 7_X w _5a h o _3 h E _5a m a_X t _5b J i n _2
177,tuyến_50-5,h o m _1 n a_X j _1 tS 7 j _2 l E_X J _6a k wp a _5a,h o m _1 n a_X j _1 tS 7 j _2 l E_X J _6a k wp a _5a
178,tuyến_51-5,b o _5a l a m _2 dZ i _2 k u Nm _4 x E w _5a l E w _5a,l a m _2 dZ i _2 k u Nm _4 x E w _5a l E w _5a
179,tuyến_52-6,m E _6a t e t _5b t O_X kp _5b ts_ O _1 E m _1,m E _6a t e t _5b t O_X kp _5b ts_ O _1 E m _1
180,tuyến_53-6,N M7 _6a f i _1 J E_X J _1 J M _1 b a_X j _1,N M7 _6a f i _1 J E_X J _1 J M _1 b a_X j _1
181,tuyến_54-6,a j _1 N wp a n _1 S E _4 d M7 k _6b t_h M7 N _3,N wp a n _1 s E _4 d M7 k _6b t_h M7 N _3
182,tuyến_56-6,b 7_X w _2 tS 7 j _2 s E_X J _1 t_h a_X m _1 t_h a_X m _3,b 7_X w _2 tS 7 j _2 s E_X J _1 t_h a_X m _1 t_h a_X m _3
183,tuyến_57-6,t o j _1 d M7 _1 m E_X J _3 dZ 7_X j _5a ts_ O _1 N M7 j _2 m E _6a,t o j _1 d M7 _1 m E_X J _3 dZ 7_X j _5a ts_ O _1 N M7 j _2 m E _6a
184,tuyến_58-6,o Nm _1 s E m _1 v a _2 k a_X w _1 m a_X j _2,o Nm _1 s E m _1 v a _2 k a_X w _1 m a_X j _2
185,tuyến_59-6,E_X J _1 G a _2 tS o Nm _5a b a_X j _1 l e n _1,E_X J _1 G a _2 tS o Nm _5a b a_X j _1 l e n _1
186,tuyến_6-1,m E _6a m 7 j _5a m uo _1 o _1 t o _1,m E _6a m 7 j _5a m uo _1 o _1 t o _1
187,tuyến_60-6,b E _5a d M7 _1 m a_X t _5b J i n _2 k wp E_X J _1,b E _5a d M7 _1 m a_X t _5b J i n _2 k wp E_X J _1
188,tuyến_63-6,t_h a w _3 r 7_X t _5b ie w _1 k wp e _1 h M7 N _1 m i J _2,t_h O _3 r 7_X t _5b ie w _1 k wp e _1 h M7 N _1 m i J _2
189,tuyến_64-6,k 7 n _1 m M7 _1 r a w _2 k E w _5a d e n _5a,k 7 n _1 m M7 _1 r a w _2 k E w _5a d e n _5a
190,tuyến_69-7,k 7_X j _1 k o j _5a u m _1 t u m _2,7_X j _1 o j _5a u m _1 t u m _2
191,tuyến_7-1,E m _1 d a N _1 a_X n _1 k 7 m _1,d a N _1 a_X n _1 k 7 m _1
192,tuyến_70-7,O_X Nm _1 ts_ uo _5a b a_X j _1 v e _2 t o _3,O_X Nm _1 ts_ uo _5a b a_X j _1 v e _2 t o _3
193,tuyến_71-7,k wp e _1 h M7 N _1 l a _2 ts_ u m _2 x e _5a N O t _6b,k wp e _1 h M7 N _1 n a _2 ts_ u m _2 x e _5a N O t _6b
194,tuyến_72-7,tS 7 j _2 m uo _2 t_h u _1 m a t _5b m E _3,ts_ 7 j _2 m uo _2 t_h u _1 m a t _5b m E _3
195,tuyến_75-7,E m _1 b E _5a d a N _1 N wp a n _1 N wp a n _4 a_X n _1 k 7 m _1,E m _1 b E _5a d a N _1 N wp a n _1 N wp a n _4 a_X n _1 k 7 m _1
196,tuyến_76-7,m 7 j _5a S a N _5a t i J _1 m 7 _1,m 7 j _2 t a N _5a t i J _1 m 7 _1
197,tuyến_78-7,b a n _6a J O _3 t_h a _3 z ie w _2 tS e n _1 k E_X J _5a d o Nm _2,b a n _3 J O _3 ts_ a _3 z ie w _2 tS e n _1 k E_X J _5a d o Nm _2
198,tuyến_79-8,E n _5a k O n _1 d a N _1 b a_X j _1 k wp a _1 S o Nm _1,E m _1 h O n _1 d a N _1 b a_X j _1 k wp a _1 S o Nm _1
199,tuyến_8-1,b a n _6a h a_X N _2 t i J _5a k E_X k _5b r 7_X t _5b v u j _1 v E _3,b a n _6a h a_X N _2 t i J _5a k E_X k _5b r 7_X t _5b v u j _1 v E _3
200,tuyến_81-8,m o t _6b ts_ ie k _5b l M7 k _6b r 7_X t _5b d E p _6b,m o t _6b ts_ ie k _5b l M7 k _6b r 7_X t _5b d E p _6b
201,tuyến_83-8,k a k _5b b a n _6a k O _5a k wp E n _1 z e _5a m E n _2 x o Nm _1,k a k _5b b a n _6a k O _5a k wp E n _1 z e _5a m E n _2 x o Nm _1
202,tuyến_85-8,t o j _1 tS 7 _3 v e _2 k wp e _1 h M7 N _1,t o j _1 tS 7 _3 v e _2 k wp e _1 h M7 N _1
203,tuyến_87-8,t o j _1 d e n _5a t_h a_X m _1 E_X J _1 h a j _1 t o j _1,t o j _1 d e n _5a t_h a_X m _1 E_X J _1 t o j _1
204,tuyến_88-8,E m _1 ie w _1 N o j _1 J a _2 k uo _3 E m _1,E m _1 ie w _1 N o j _1 J a _2 k uo _3 E m _1
205,tuyến_9-1,t 7_X j _3 k O _5a m u j _2 z 7_X w _1 r 7_X t _5b t_h 7 m _1,k O _5a m u j _2 t_h 7 m _1 r 7_X t _5b t_h 7 m _1
206,tuyến_90-10,m uo _2 h E _2 d e n _5a r o j _2,m o _2 h E _2 d e n _5a r o j _2
207,tuyến_91-8,o Nm _1 7 j _1 o Nm _1 k O _5a x wp E _3 x o Nm _1,o Nm _1 7 j _1 o Nm _1 k O _5a x wp E _3 x o Nm _1
208,tuyến_92-8,d u Nm _5a l u kp _5b d O _5a tS 7 j _2 d o _3 m M7 _1,l u kp _5b d O _5a tS 7 j _2 d o _3 m M7 _1
209,tuyến_93-8,b o _5a m E _6a dZ u p _5b k O n _1 ts_ wp 7_X n _3 b i _6a J E _5a,b o _5a m E _6a dZ u p _5b k O n _1 ts_ wp 7_X n _3 b i _6a J E _5a
319,đông_100_11,J M N _4 dZ O t _6b S M7 N _1 l O_X Nm _1 l E_X J _1,J M N _4 dZ O t _6b S M7 N _1 n O_X Nm _1 n E_X J _1
320,đông_101_11,E m _1 r 7_X t _5b t_h i k _5b h wp a _1 h o Nm _2,r 7_X t _5b t_h i k _5b h wp a _1 h o Nm _2
321,đông_102_11,ts_ ie k _5b t_h M7 k _5b k E _3 m a_X w _2 k a m _1,z M7 k _5b ts_ o kp _5b t_h E _3 m a_X w _2 k a m _1
322,đông_103_11,n a _1 d a N _1 v E _4 m o t _6b k o _1 G a j _5a,n a _1 d a N _1 v E _4 m o t _6b k o _1 G a j _5a
323,đông_104_11,E m _1 v E _4 m o t _6b k o _1 t ie n _1,E m _1 v E _4 m o t _6b k o _1 t ie n _1
324,đông_105_11,b o _5a m E _6a ts_ O _1 b E _5a v e _2 k wp e _1,b o _5a m E _6a v e _2 b o _5a m E _6a ts_ O _1 E m _1 b E _5a v e _2 k wp e _1
325,đông_107_12,b E _5a r 7_X t _5b J 7 _5a b a _2,b a _2 r 7_X t _5b t_h M _1 b a _2
326,đông_109_12,k E_X J _5a h wp a _1 J O _3 J M _1 v a_X j _3 k a _5a,ts_ a j _5a k a _1 d E p _6b J M _1 v a_X j _3 k a _5a
327,đông_10_2,E m _1 ts_ a w _2 k o _1 a _6a,E m _1 ts_ a w _2 k o _1 a _6a
328,đông_110_12,tS 7 j _2 d a N _1 r 7_X t _5b l E_X J _6a,tS 7 j _2 d a N _1 z 7_X t _5b n E_X J _6a
329,đông_111_14,k O n _1 l M7 _2 r 7 j _1 s uo N _5a m o t _6b k a j _5a dZ ie N _5a,d M7 _2 t o j _1 s uo N _5a m o t _6b k a j _5a l ie N _5a
330,đông_112_14,k O n _1 ts_ i m _1 S 7 n _1 k a _1 k 7_X t _5b t ie N _5a h O t _5b,k O n _1 ts_ i m _1 ts_ 7 n _1 k a _1 k 7_X t _5b t ie N _5a h O t _5b
331,đông_113_14,b uo j _3 ts_ ie w _2 m uo _2 h E _2 t_h 7_X t _6b d a N _5a ie w _1,b uo j _3 ts_ ie w _2 m uo _2 h E _2 t_h 7_X t _6b d a N _5a ie w _1
332,đông_114_14,ts_ u _5a m E w _2 tS E w _2 k wp a _1 k M7 _3 S o _3,m E w _2 ts_ E w _2 k wp a _1 k M7 _3 S o _3
333,đông_115_14,b o Nm _1 t O_X kp _5b t ie n _1 k E_X J _5a m O_X Nm _3 J M _1 l uo _6a,b o Nm _1 d O_X kp _5b d ie N _1 b E_X J _5a k uo _3 J M7 _1 l uo _6a
334,đông_116_13,m 7_X j _5a k O n _1 N M7 _6a d a N _1 a_X n _1 k O _3,m 7_X j _5a k O n _1 n M7 _6a d a N _1 a_X n _1 k O _3
335,đông_117_13,b o _5a f a _1 tS a _2 ts_ O _1 k a _3 J a _2,f a _1 t a w _5a t_h O _1 k a _3 J a _2
336,đông_118_13,d M7 _5a tS E _3 ts_ i _3 m 7 j _5a S a_X w _5a t uo j _3,d M7 _5a tS E _3 S a_X w _5a t uo j _3
337,đông_119_13,m a_X t _6b d E p _6b S a N _5a N 7 j _2,z E _6a S a N _5a N 7 j _2
338,đông_11_3,k o _1 dZ a w _5a m i m _3 k M7 j _2 t_h 7_X t _6b t M7 j _1,E m _1 N i m _3 k M7 j _2 t_h 7_X t _6b t uo j _1
339,đông_120_13,t o j _1 l a _2 ts_ u _5a b o _6a d o j _6a,t o j _1 l a _2 ts_ u _5a b o _6a d o j _6a
340,đông_121_13,s E _1 k 7_X p _5b k M w _5a,s E _1 k 7_X p _5b k M w _5a
341,đông_122_13,E m _1 dZ M _4 dZ i n _2 h o p _6b b u t _5b k 7_X n _3 t_h 7_X n _6a,k 7_X t _5b t_h 7_X t _6b k 7_X n _3 t_h 7_X n _6a
342,đông_123_13,k o _1 dZ a w _5a t_h 7_X t _6b G 7_X n _2 G u j _4,k o _1 dZ a w _5a k 7_X n _6a t_h 7_X n _2 m u j _5a
343,đông_124_13,dZ O _5a m uo _2 d o Nm _1 b a_X k _5b ts_ 7 t _6b v e _2,dZ O _5a m uo _2 d 7_X m _6a ts_ a_X p _5b v e _2
344,đông_125_13,N a_X j _2 k uo j _5a t_h a N _5a n a_X m _1,k uo j _5a t_h a N _5a n a_X m _1
345,đông_126_14,k E_X J _2 k 7_X j _1 b a N _2 tS M7 k _5b J a _2 tS 7 _1 tS O j _6a,J E_X J _2 k 7_X j _1 b a _2 ts_ M k _5b v a _2
346,đông_127_14,J M N _4 S 7_X n _1 v M7 n _2 s i J _1 d E p _6b,s E_X J _1 v M7 n _2 s ie n _1 d E p _6b
347,đông_128_14,J M N _4 M7 k _5b m 7 _1 k a w _1 d E p _6b,J M N _4 dZ 7_X k _5b m 7 _1 k a w _1 d E p _6b
348,đông_129_14,E m _1 t_h i k _5b h wp a _1 m a j _1 J 7_X t _5b,E m _1 t_h i k _5b S a _1 m a _1 J 7_X t _5b
349,đông_12_3,k a_X p _6b S E_X k _5b k O _5a m a_X w _2 s E_X J _1 r 7_X t _5b d E p _6b,k a_X p _6b S E_X k _5b k O _5a m a_X w _2 s E_X J _1 z 7_X t _5b d E p _6b
350,đông_130_14,k O n _1 G 7_X w _5a b o Nm _1 d E p _6b k wp a _5a,G 7_X w _5a b o Nm _1 d E p _6b k wp a _5a
351,đông_131_14,G O_X kp _5b h O_X kp _6b t 7_X p _6b N a_X n _1 n a_X p _5b,G O_X kp _5b h O_X kp _6b t 7_X p _6b k a_X n _1 m a t _5b
352,đông_132_14,b a _2 m uo _1 k a m _1 ts_ O _1 b E _5a,a m _1 ts_ O _1 b E _5a
353,đông_133_14,ts_ u kp _5b m M N _2 n a_X m _1 m 7 j _5a,m 7 j _5a
354,đông_134_14,m i J _2 v e _2 k wp e _1 t_h a_X m _1 o Nm _1 b a _2,b i J _2 v e _2 k wp e _1 t_h a_X m _1 o Nm _1 b a _2
355,đông_135_14,v M7 n _2 tS M7 _1 dZ O _5a m a t _5b,M7 n _2 s M7 _1 dZ O _5a m a t _5b
356,đông_13_3,k o kp _5b n M7 k _5b k O _5a m a_X w _2 tS a_X N _5a r 7_X t _5b d E p _6b,k o kp _5b n M7 k _5b k O _5a m a_X w _2 tS a_X N _5a r 7_X t _5b d E p _6b
357,đông_14_3,t o j _1 l a _2 k a _1 S i _4 n o j _3 t ie N _5a,t o j _1 l a _2 k a _1 S i _4 n o j _3 t ie N _5a
358,đông_15_3,t o j _1 m uo n _5a k O _5a m o t _6b k uo n _5a S E_X k _5b,t o j _1 n a _2 k O _5a m o t _6b k uo n _5a S E_X k _5b
359,đông_16_3,J M N _4 k O n _1 O_X Nm _1 t_h 7_X t _6b l a _2 ts_ a_X m _1 ts_ i _3,k O n _1 O_X Nm _1 t_h 7_X t _6b l a _2 ts_ a_X m _1 ts_ i _3
360,đông_17_3,h wp a _1 S E n _1 k O _5a m u j _2 r 7_X t _5b t_h 7 m _1,s E n _1 k O _5a m u j _2 r 7_X t _5b t_h 7 m _1
361,đông_18_3,k a j _5a t u _3 l E_X J _6a z u Nm _2 d e _3 l a m _2 dZ i _2,k a j _5a t u _3 l E_X J _6a z u Nm _2 d e _3 l a m _2 dZ i _2
362,đông_19_3,b u p _5b b e _1 S ie w _1 J 7_X n _1 G 7_X w _5a b o Nm _1,S ie w _1 J 7_X n _1 G 7_X w _5a b o Nm _1
363,đông_1_1,ts_ a_X w _5a d a N _1 l a m _2 dZ i _2 v 7_X j _6a,a m _2 dZ i _2 d 7_X j _5a
364,đông_20_3,k a j _5a n o j _2 d e _3 m E _6a n 7_X w _5a k E_X J _1,k a j _5a n o j _2 m E _6a n 7_X w _5a k E_X J _1
365,đông_23_4,h o m _1 n a_X j _1 l a _2 t_h M _5a S a_X w _5a,o m _1 n a_X j _1 l a _2 t_h M _5a S a_X w _5a
366,đông_24_4,E m _1 t_h M k _5b z 7_X j _6a t M _2 S a_X w _5a dZ 7 _2,z 7_X j _6a S 7 m _5a S a_X w _5a ts_ 7 _2
367,đông_25_4,b uo j _3 tS M7 _1 E m _1 a_X n _1 k 7 m _1 7 _3 tS M7 N _2,b uo j _3 tS M7 _1 E m _1 a_X n _1 k 7 m _2 k 7 m _1 7 _3 tS M7 N _2
368,đông_26_5,t ie t _5b h O_X kp _6b v u j _1 k wp a _5a,v uo _1 k wp a _5a
369,đông_27_5,m u j _2 x wp a j _1 n M7 N _5a t_h 7 m _1 k wp a _5a,b E _5a t_h 7 m _1 k wp a _5a
370,đông_28_5,h M7 N _1 k O _5a k u _3 x wp a j _1 l a N _1,k O _5a k u _3 h wp a j _1 x wp a j _1
371,đông_29_5,J a_X t _6b m o t _6b ts_ ie k _5b l a _5a r 7 j _1,m o _6a ts_ ie k _5b l a _5a r 7 j _1
372,đông_2_1,b o Nm _1 k u kp _5b t a_X m _5a n a_X N _5a m a_X t _6b tS 7 j _2,b o Nm _1 k u kp _5b k a_X m _5a n a_X N _5a m a_X t _6b tS 7 j _2
373,đông_30_5,ts_ i m _1 S 7_X w _1 J ie w _2 t_h e _5a,uo _1 J ie w _2 t_h e _5a
374,đông_31_5,k a _5a x o Nm _1 a_X n _1 m uo j _5a k a _5a M7 n _1,k a _5a x o _1 a_X n _1 m uo j _5a k a _5a M7 n _1
375,đông_32_5,k a j _5a ts_ o j _3 d e _3 k wp E t _5b J a _2,o t _6b d e _3 k wp E t _5b J a _2
376,đông_33_5,o Nm _1 b a _2 k O _5a x wp E _3 x o Nm _1 a _6a,b a _2 k O _5a x wp E _3 x o Nm _1 a _6a
377,đông_34_5,ts_ uo t _6b k O n _1 d a N _5a ie w _1,a N _5a ie w _1
378,đông_35_5,S ie w _1 J 7_X n _1 k uo N _2 f O_X Nm _1,ie w _1 J 7_X n _1 k uo N _2 f O_X Nm _1
379,đông_36_6,G 7_X w _5a k O n _1 k a m _3 7 n _1 b a k _5b v O j _1,G 7_X w _5a k O n _1 k a m _3 7 n _1 b a k _5b v O j _1
380,đông_37_6,E_X J _1 h u Nm _2 b ie n _3 k a _3,M n _1 b ie n _3 k a _3
381,đông_38_6,k O n _1 r a _1 v M7 n _2 h a j _5a t a w _5a,k O n _1 r a _1 v M7 n _2 h a j _5a k a w _5a
382,đông_39_6,G 7_X w _5a k O n _1 b M N _1 t a w _5a m 7 j _2 b o _5a m E _6a,G 7_X w _5a k O n _1 b M7 N _1 t a w _5a m 7 j _2 b o _5a m E _6a
383,đông_3_1,t_h e _5a dZ 7 j _5a t_h ie n _1 J ie n _1 t_h 7_X t _6b d E p _6b,t_h ie n _1 J ie n _1 t_h 7_X t _6b d E p _6b
384,đông_40_6,m E _6a l a _2 N M7 j _2 f u _6a n M _4 h ie n _2 z i w _6a,m E _6a l a _2 N M7 j _2 f u _6a n M _4 h ie n _2 z i w _6a
385,đông_41_6,E m _1 b E _5a d a N _1 n a_X m _2 N u _3,b E _5a d a N _1 n a_X m _2 N u _3
386,đông_42_6,b a _2 k O_X Nm _2 d i _1 ts_ 7 _6a tS 7 j _2 m M7 _1,k O_X Nm _2 d i _1 ts_ 7 _6a tS 7 j _2 m M7 _1
387,đông_43_6,b E_X J _5a k wp i _1 x o Nm _1 N O n _1,x o Nm _1 N O n _1
388,đông_44_6,b a k _5b S i _4 d a N _1 x a m _5a b e J _6a,d a N _1 x a m _5a b e J _6a
389,đông_45_6,m E _6a l a n _1 d a N _1 l a_X w _1 S a n _2 J a _2,m E _6a t a N _1 l a_X w _1 S a n _2 J a _2
390,đông_46_7,n u _6a h o n _1 tS e n _1 b a n _2 t a_X j _1,n u _4 h o n _1 tS e n _1 b a n _2 t a_X j _1
391,đông_47_7,tS 7 j _2 n o j _3 dZ O _5a t O _1,tS 7 j _2 n o j _3 dZ O _5a t O _1
392,đông_48_7,k 7_X j _1 l ie w _4 x o Nm _1 N M N _2 l a_X k _5b l M _1,k 7_X j _1 l ie w _4 x o Nm _1 N M N _2 l a_X k _5b l M _1
393,đông_49_7,k E_X J _2 l ie w _4 b ie t _5b b a_X j _1,G o _4 b ie t _5b b a_X j _1
394,đông_4_1,k O _5a t ie N _5a d o Nm _6a dZ i _2 l a _6a l a_X m _5a,t ie N _5a d o Nm _6a dZ i _2 l a _6a l a_X m _5a
395,đông_50_7,h o m _1 n a_X j _1 tS 7 j _2 l E_X J _6a k wp a _5a,n a_X j _1 tS 7 j _2 l E_X J _6a k wp a _5a
396,đông_51_7,b o _5a l a m _2 dZ i _2 k u Nm _4 x E w _5a l E w _5a,b o _5a l a m _2 dZ i _2 k u Nm _4 x E w _5a l E w _5a
397,đông_52_7,m E _6a t e t _5b t O_X kp _5b ts_ O _1 E m _1,t e t _5b t O_X kp _5b ts_ O _1 E m _1
398,đông_53_7,N M7 _6a f i _1 J E_X J _1 J M _1 b a_X j _1,f i _1 J E_X J _1 J M _1 b a_X j _1
399,đông_54_7,a j _1 N wp a n _1 S E _4 d M7 k _6b t_h M7 N _3,S E _4 k O _5a t_h M7 N _3
400,đông_55_7,ts_ ie k _5b r e _4 d a _1 tS O n _2,ts_ ie k _5b r e _4 d a _1 tS O _2
401,đông_56_7,b 7_X w _2 tS 7 j _2 s E_X J _1 t_h a_X m _1 t_h a_X m _3,b 7_X w _2 tS 7 j _2 s E_X J _1 t_h a_X m _1 t_h a_X m _3
402,đông_57_7,t o j _1 d M7 _1 m E_X J _3 dZ 7_X j _5a ts_ O _1 N M7 j _2 m E _6a,t o j _1 d M7 _1 N E_X J _3 m E_X J _3 dZ 7_X j _5a ts_ O _1 N M7 j _2 m E _6a
403,đông_58_7,o Nm _1 s E m _1 v a _2 k a_X w _1 m a_X j _2,o Nm _1 s E m _1 v a _2 k a_X w _1 m a_X j _2
404,đông_59_7,E_X J _1 G a _2 tS o Nm _5a b a_X j _1 l e n _1,G a _2 tS o Nm _5a b a_X j _1 l e n _1
405,đông_5_1,k 7_X j _1 s 7_X w _5a h o _3 h E _5a m a_X t _5b J i n _2,s 7_X w _5a h o _3 E _5a m a_X t _5b J i n _2
406,đông_60_7,b E _5a d M7 _1 m a_X t _5b J i n _2 k wp E_X J _1,b e _5a d M7 _1 m a_X t _5b J i n _2 k wp E_X J _1
407,đông_61_8,ts_ u kp _5b k O n _1 N u _3 N O n _1,k O n _1 N u _3 N O n _1
408,đông_62_8,m E _6a ie w _1 k O n _1,k O n _1
409,đông_63_8,t_h a w _3 r 7_X t _5b ie w _1 k wp e _1 h M7 N _1 m i J _2,t a w _3 r 7_X t _5b ie w _1 k wp e _1 h M7 N _1 m i J _2
410,đông_64_8,k 7 n _1 m M7 _1 r a w _2 k E w _5a d e n _5a,k O n _1 m M7 _1 r a w _2 k E w _5a d e n _5a
411,đông_65_8,tS 7 j _2 N a_X j _2 k a N _2 l E_X J _6a h 7 n _1,tS 7 j _2 N a j _2 k a N _2 l E_X J _6a h 7 n _1
412,đông_66_8,l a _5a k 7_X j _1 m uo _2 t_h u _1,k 7_X j _1 m uo _2 t_h u _1
413,đông_67_8,J i m _5a k O n _1 v o _1 k u Nm _2 N a k _6b J ie n _1,J i m _5a k O n _1 v o _1 k u Nm _2 N a k _6b J ie n _1
414,đông_68_8,t e n _1 b a n _6a l a _2 dZ i _2,b a n _6a l a m _2 dZ i _2
415,đông_69_8,k 7_X j _1 k o j _5a u m _1 t u m _2,t o j _5a u m _1 t u m _2
416,đông_6_2,m E _6a m 7 j _5a m uo _1 o _1 t o _1,m E _6a m 7 j _5a m uo _1 o _1 t o _1
417,đông_70_8,O_X Nm _1 ts_ uo _5a b a_X j _1 v e _2 t o _3,O_X Nm _1 ts_ uo _5a b a_X j _1 v e _2 t o _3
418,đông_71_9,k wp e _1 h M7 N _1 l a _2 ts_ u m _2 x e _5a N O t _6b,e _1 h M N _1 n a _2 ts_ u m _2 x e _5a N O t _6b
419,đông_72_9,tS 7 j _2 m uo _2 t_h u _1 m a t _5b m E _3,t_h 7 m _1 m a t _5b m E _3
420,đông_74_9,t_h 7_X t _6b l a _2 t wp ie t _6b z ie w _6a,t a _2 t wp ie t _6b z ie w _6a
421,đông_75_9,E m _1 b E _5a d a N _1 N wp a n _1 N wp a n _4 a_X n _1 k 7 m _1,E m _1 b E _5a d a N _1 N wp a n _1 N wp a n _4 a_X n _1 k 7 m _1
422,đông_77_9,ts_ i _1 v a w _2 t_h a_X m _1 v M7 n _2 h wp a _1,f i _1 v a w _2 t_h a_X m _1 v M7 n _2 h wp a _1
423,đông_78_9,b a n _6a J O _3 t_h a _3 z ie w _2 tS e n _1 k E_X J _5a d o Nm _2,b a n _6a n O _3 t_h a _3 z ie w _2 tS e n _1 k E_X J _5a d o Nm _2
424,đông_79_9,E n _5a k O n _1 d a N _1 b a_X j _1 k wp a _1 S o Nm _1,t ie N _5a h wp a n _1 d a N _1 b a_X j _1 k wp a _1 S a w _1
425,đông_7_2,E m _1 d a N _1 a_X n _1 k 7 m _1,E m _1 d a _1 a_X n _1 k 7 m _1
426,đông_80_9,J O _1 k O n _2 s E_X J _1 l a_X m _5a,s E_X J _1 n a m _2
427,đông_81_10,m o t _6b ts_ ie k _5b l M7 k _6b r 7_X t _5b d E p _6b,ts_ u kp _5b p M7 N _1 r 7_X t _5b d E p _6b
428,đông_82_10,t_h O _3 k O n _1 J i n _2 k a w _5a,t_h O _3 k O n _1 J i n _2 k a w _5a
429,đông_83_10,k a k _5b b a n _6a k O _5a k wp E n _1 z e _5a m E n _2 x o Nm _1,k a k _5b b a n _6a k O _5a k wp E n _1 z e _5a m E n _2 x o Nm _1
430,đông_84_10,b E _5a t 7_X p _6b d O_X kp _6b,t 7_X p _6b d O_X kp _6b
431,đông_85_10,t o j _1 tS 7 _3 v e _2 k wp e _1 h M7 N _1,t o j _1 tS 7 _3 v e _2 k wp e _1 h M7 N _1
432,đông_86_10,d M7 N _2 v e _2 s a _1 l a_X k _5b s a _1 l 7 _1,d M7 N _2 v e _2 s a _1 l a_X k _5b s a _1 v wp 7 _1 l 7 _1
433,đông_87_10,t o j _1 d e n _5a t_h a_X m _1 E_X J _1 h a j _1 t o j _1,t o j _1 d e n _5a t_h a_X m _1 E_X J _1 h a j _1 t o j _1
434,đông_88_10,E m _1 ie w _1 N o j _1 J a _2 k uo _3 E m _1,E m _1 ie w _1 N o j _1 J a _2 k uo _3 E m _1
435,đông_89_10,E m _1 ie w _1 t ie N _5a ts_ i m _1,ie w _1 ts_ u Nm _5a S i n _1
436,đông_8_2,b a n _6a h a_X N _2 t i J _5a k E_X k _5b r 7_X t _5b v u j _1 v E _3,k 7_X k _5b v u j _1 v E _3
437,đông_90_10,m uo _2 h E _2 d e n _5a r o j _2,h E _2 d e n _5a r o j _2
438,đông_91_10,o Nm _1 7 j _1 o Nm _1 k O _5a x wp E _3 x o Nm _1,o Nm _1 7 j _1 o Nm _1 k O _5a x wp E _3 x o Nm _1
439,đông_92_10,d u Nm _5a l u kp _5b d O _5a tS 7 j _2 d o _3 m M7 _1,d u Nm _5a l o kp _5b d O _5a tS 7 j _2 d o _3 m M7 _1
440,đông_93_10,b o _5a m E _6a dZ u p _5b k O n _1 ts_ wp 7_X n _3 b i _6a J E _5a,b o _5a m E _6a k O n _1 ts_ wp 7_X n _3 b i _6a J E _5a
441,đông_94_10,J a _2 h M7 N _1 tS o Nm _1 t_h 7_X t _6b l a _2 d E p _6b,h M7 N _1 tS o Nm _1 t_h 7_X t _6b l a _2 d E p _6b
442,đông_95_10,s O m _5a l a N _2 d o Nm _2 r uo N _6a r M N _2 k 7_X j _1,s O m _5a l a _2 d o Nm _2 z uo N _6a l 7_X m _2 k 7_X j _1
443,đông_96_11,tS a N _1 t_h M7 N _1 ts_ u _5a h e _2 l a_X m _5a,tS a N _1 t_h M7 N _1 ts_ 7 _5a m E w _2 l a_X m _5a
444,đông_97_11,k O n _1 m E w _2 l o Nm _1 v a N _2 O_X Nm _5a,k O n _1 m E w _2 l o Nm _1 v a N _2 O_X Nm _5a
445,đông_98_11,k wp e _1 t 7 _5a 7 _3 h a j _3 f O_X Nm _2,k wp e _1 t 7 _5a 7 _3 h a j _3 f O_X Nm _2
446,đông_99_11,v M7 n _2 k 7_X j _1 d 7_X m _1 ts_ o j _2 n 7_X j _3 l o kp _6b,v M7 n _2 k 7_X j _1 tS o Nm _1 n 7 _3 G o kp _6b
447,đông_9_2,t 7_X j _3 k O _5a m u j _2 z 7_X w _1 r 7_X t _5b t_h 7 m _1,m u j _2 z 7_X w _1 r 7_X t _5b t_h 7 m _1
439,thành_11_2,k o _1 dZ a w _5a m i m _3 k M7 j _2 t_h 7_X t _6b t M7 j _1,t M7 j _1 k o _1 dZ a w _5a m i m _3 k M7 j _2 t_h 7_X t _6b t M7 j _1
440,thành_12_2,k a_X p _6b S E_X k _5b k O _5a m a_X w _2 s E_X J _1 r 7_X t _5b d E p _6b,k a_X p _6b s E_X k _5b k O _5a m a_X w _2 s E_X J _1 r 7_X t _5b d E p _6b
441,thành_13_2,k o kp _5b n M7 k _5b k O _5a m a_X w _2 tS a_X N _5a r 7_X t _5b d E p _6b,tS a_X N _5a r 7_X t _5b d E p _6b k o Nm _1 k o kp _5b n M7 k _5b k O _5a m a_X w _2 tS a_X N _5a r 7_X t _5b d E p _6b
442,thành_14_2,t o j _1 l a _2 k a _1 S i _4 n o j _3 t ie N _5a,ie N _5a t o j _1 l a _2 k a _1 S i _4 n o j _3 t ie N _5a
443,thành_15_2,t o j _1 m uo n _5a k O _5a m o t _6b k uo n _5a S E_X k _5b,t o j _1 k O _5a m o t _6b t o j _1 m uo n _5a k O _5a m o t _6b k uo n _5a S E_X k _5b
444,thành_16_2,J M N _4 k O n _1 O_X Nm _1 t_h 7_X t _6b l a _2 ts_ a_X m _1 ts_ i _3,J M N _4 k O n _1 O_X Nm _1 t_h 7_X t _6b ts_ a_X m _1 ts_ i _3
445,thành_17_2,h wp a _1 S E n _1 k O _5a m u j _2 r 7_X t _5b t_h 7 m _1,h wp a _1 S E n _1 k O _5a m u j _2 r 7_X t _5b t_h 7 m _1 h wp a _1 S E n _1 k O _5a m u j _2 r 7_X t _5b t_h 7 m _1
446,thành_18_2,k a j _5a t u _3 l E_X J _6a z u Nm _2 d e _3 l a m _2 dZ i _2,k a j _5a t u _3 l E_X J _6a z u Nm _2 d e _3 l a m _2 dZ i _2
447,thành_20_1,k a j _5a n o j _2 d e _3 m E _6a n 7_X w _5a k E_X J _1,k a j _2 l o n _2 d e _3 m E _6a l 7_X w _5a k E_X J _1 M m _2
448,thành_22_3,b a j _2 h O_X kp _6b d 7_X w _2 t ie n _1 k uo _3 G 7_X w _5a k O n _1,b a j _2 h O_X kp _6b d 7_X w _2 t ie n _1 k uo _3 b o _5a k O n _1
449,thành_23_3,h o m _1 n a_X j _1 l a _2 t_h M _5a S a_X w _5a,b a_X j _1 l a _2 t_h M _5a S a_X w _5a
450,thành_24_3,E m _1 t_h M k _5b z 7_X j _6a t M _2 S a_X w _5a dZ 7 _2,t M k _5b t 7_X j _6a t M _2 t a_X w _5a t 7 _2
451,thành_25_4,b uo j _3 tS M7 _1 E m _1 a_X n _1 k 7 m _1 7 _3 tS M7 N _2,tS M7 N _2 b o _5a ts_ O _1 E m _1 a_X n _1 k 7 m _1 7 _3 tS M7 N _2
452,thành_26_4,t ie t _5b h O_X kp _6b v u j _1 k wp a _5a,t ie t _5b h O_X kp _6b M m _2 v u j _1 k wp a _5a
453,thành_27_4,m u j _2 x wp a j _1 n M7 N _5a t_h 7 m _1 k wp a _5a,k wp a _5a m u j _2 h M7 N _1 n a_X j _2 t_h 7 m _1 k wp a _5a
454,thành_28_4,h M7 N _1 k O _5a k u _3 x wp a j _1 l a N _1,a N _1 h M7 N _1 k O _5a k u _3 x wp a j _1 l a n _1
455,thành_29_5,J a_X t _6b m o t _6b ts_ ie k _5b l a _5a r 7 j _1,m o t _6b ts_ ie k _5b n O j _1 z O j _1
456,thành_31_4,k a _5a x o Nm _1 a_X n _1 m uo j _5a k a _5a M7 n _1,k a _5a h o Nm _1 a_X n _1 m uo j _5a k a _5a M7 n _1
457,thành_33_5,o Nm _1 b a _2 k O _5a x wp E _3 x o Nm _1 a _6a,a k _5b o kp _5b b a _2 k O _5a x wp E _3 x o Nm _1 a _2
458,thành_35_5,S ie w _1 J 7_X n _1 k uo N _2 f O_X Nm _1,S ie w _1 S ie w _1 J 7_X n _1 k uo N _2 f O_X Nm _1
459,thành_36_5,G 7_X w _5a k O n _1 k a m _3 7 n _1 b a k _5b v O j _1,f O j _1 G 7_X w _5a k O _1 k a _5a m o t _6b b a t _5b v O j _5a
460,thành_38_5,k O n _1 r a _1 v M7 n _2 h a j _5a t a w _5a,O _6a k O n _1 z a _1 v M7 n _2 h a j _5a t a w _5a
461,thành_41_6,E m _1 b E _5a d a N _1 n a_X m _2 N u _3,u _5a E m _1 b E _5a d a N _1 n a_X m _2 N u _3
462,thành_42_6,b a _2 k O_X Nm _2 d i _1 ts_ 7 _6a tS 7 j _2 m M7 _1,M7 _1 b a _2 k O_X Nm _2 d i _1 ts_ 7 _2 tS 7 j _2 m M _1
463,thành_44_6,b a k _5b S i _4 d a N _1 x a m _5a b e J _6a,b a k _5b S i _4 d a N _1 x a m _5a b e J _6a
464,thành_45_6,m E _6a l a n _1 d a N _1 l a_X w _1 S a n _2 J a _2,l a n _1 d a N _1 l a_X w _1 S a n _2 J a _2 m E _6a l a n _1 d a N _1 l a_X w _1 S a n _2 J a _2
465,thành_47_6,tS 7 j _2 n o j _3 dZ O _5a t O _1,dZ O _5a t O _1 tS 7 j _2 n o j _3 dZ O _5a t O _1
466,thành_4_1,k O _5a t ie N _5a d o Nm _6a dZ i _2 l a _6a l a_X m _5a,d o Nm _6a dZ i _2 l a _6a l a_X m _5a k O _5a t ie N _5a d o Nm _6a dZ i _2 l a _6a l a_X m _5a
467,thành_50_6,h o m _1 n a_X j _1 tS 7 j _2 l E_X J _6a k wp a _5a,o m _1 n a_X j _1 tS 7 j _2 l E_X J _6a k wp a _5a
468,thành_53_7,N M7 _6a f i _1 J E_X J _1 J M _1 b a_X j _1,N M7 _6a p i _1 J E_X J _1 J M _1 b a_X j _1
469,thành_59,E_X J _1 G a _2 tS o Nm _5a b a_X j _1 l e n _1,E_X J _1 G a _2 tS o Nm _5a b a_X j _1 l e n _1
470,thành_61_8,ts_ u kp _5b k O n _1 N u _3 N O n _1,ts_ u kp _5b k O n _1 N u _3 N O n _1
471,thành_62_8,m E _6a ie w _1 k O n _1,m E _6a ie w _1 k O n _1
472,thành_63_8,t_h a w _3 r 7_X t _5b ie w _1 k wp e _1 h M7 N _1 m i J _2,t_h a_X N _5a z 7_X t _5b ie w _1 k wp e _1 h M7 N _1 m i J _2
473,thành_64_8,k 7 n _1 m M7 _1 r a w _2 k E w _5a d e n _5a,k 7 n _1 m M7 _1 r a w _2 7 _3 d e n _5a
474,thành_65_8,tS 7 j _2 N a_X j _2 k a N _2 l E_X J _6a h 7 n _1,tS 7 j _1 N a_X j _2 k a N _2 n E_X J _6a h 7 n _1
475,thành_66_8,l a _5a k 7_X j _1 m uo _2 t_h u _1,n a _5a k 7 _1 m uo _2 t_h u _1
476,thành_68_8,t e n _1 b a n _6a l a _2 dZ i _2,k a k _5b b a n _6a n 7 j _5a s e _5a
477,thành_69_8,k 7_X j _1 k o j _5a u m _1 t u m _2,k o j _5a u m _1 t u m _2 k 7_X j _1 k o j _5a u m _1 t u m _2
478,thành_6_1,m E _6a m 7 j _5a m uo _1 o _1 t o _1,b o _1 r u _1 t o _1
479,thành_70_8,O_X Nm _1 ts_ uo _5a b a_X j _1 v e _2 t o _3,o Nm _1 ts_ uo _5a b a_X j _1 v e _2 t o _3
480,thành_71_9,k wp e _1 h M7 N _1 l a _2 ts_ u m _2 x e _5a N O t _6b,k e _1 k M7 N _1 n a _2 tS u m _2 k e _5a N O t _6b
481,thành_72_9,tS 7 j _2 m uo _2 t_h u _1 m a t _5b m E _3,E _3 tS 7 j _2 m uo _2 t_h u _1 m a t _5b m E _3
482,thành_73_9,ts_ a w _1 o j _1 h a_X j _1 k wp a _5a,ts_ 7 _6a 7 j _1 h a_X j _1 k wp a _5a
483,thành_75_9,E m _1 b E _5a d a N _1 N wp a n _1 N wp a n _4 a_X n _1 k 7 m _1,E m _1 b E _2 d a N _1 N wp a n _1 N wp a n _4 a_X n _1 k 7 m _1
484,thành_76_9,m 7 j _5a S a N _5a t i J _1 m 7 _1,m 7 j _2 S a N _5a t i J _1 m 7 _1
485,thành_78_9,b a n _6a J O _3 t_h a _3 z ie w _2 tS e n _1 k E_X J _5a d o Nm _2,o Nm _1 b a n _6a J O _3 t_h a _3 z ie w _2 tS e n _1 k E_X J _5a d o Nm _2
486,thành_79_9,E n _5a k O n _1 d a N _1 b a_X j _1 k wp a _1 S o Nm _1,t a_X N _5a k O n _1 d a N _1 b a_X j _1 k wp a _1 S o Nm _1
487,thành_7_1,E m _1 d a N _1 a_X n _1 k 7 m _1,a_X n _1 k 7 m _1
488,thành_81_9,m o t _6b ts_ ie k _5b l M7 k _6b r 7_X t _5b d E p _6b,ts_ ie k _5b n M7 _3 r 7_X t _5b d E p _6b M m _2
489,thành_82_9,t_h O _3 k O n _1 J i n _2 k a w _5a,t_h a w _3 k O n _1 J i n _2 k a w _5a
490,thành_84_9,b E _5a t 7_X p _6b d O_X kp _6b,b E _5a t 7_X p _6b d O_X kp _6b
491,thành_85_9,t o j _1 tS 7 _3 v e _2 k wp e _1 h M7 N _1,t o j _1 S E _5a v e _2 k wp e _1 h M7 N _1
492,thành_86_9,d M7 N _2 v e _2 s a _1 l a_X k _5b s a _1 l 7 _1,d M7 N _2 v e _2 s a _1 l a_X k _5b s a _1 h M7 N _1
493,thành_87_9,t o j _1 d e n _5a t_h a_X m _1 E_X J _1 h a j _1 t o j _1,o j _1 t o j _1 d e n _5a t_h a_X m _1 E_X J _1 h a j _1 t o j _1
494,thành_88_10,E m _1 ie w _1 N o j _1 J a _2 k uo _3 E m _1,E m _1 ie w _1 N o j _1 J a _2 k uo _3 E m _1
495,thành_89_10,E m _1 ie w _1 t ie N _5a ts_ i m _1,E m _1 ie w _1 t ie N _5a ts_ i m _1
496,thành_90_10,m uo _2 h E _2 d e n _5a r o j _2,b uo _2 h E _2 d e n _5a r o j _2
497,thành_91_10,o Nm _1 7 j _1 o Nm _1 k O _5a x wp E _3 x o Nm _1,o Nm _1 7 j _1 o Nm _1 k O _5a x wp E _3 x o Nm _1
498,thành_93_10,b o _5a m E _6a dZ u p _5b k O n _1 ts_ wp 7_X n _3 b i _6a J E _5a,b o _5a m a_X t _6b l u kp _5b k O n _1 ts_ wp 7_X n _3 b i _6a J E _5a
499,thành_95_10,s O m _5a l a N _2 d o Nm _2 r uo N _6a r M N _2 k 7_X j _1,s O m _5a l a N _2 d o Nm _2 r uo N _6a r M N _2 k 7_X j _1
500,thành_96_10,tS a N _1 t_h M7 N _1 ts_ u _5a h e _2 l a_X m _5a,tS a N _1 t M7 N _1 ts_ u _5a h e _2 l a_X m _5a
501,thành_98_10,k wp e _1 t 7 _5a 7 _3 h a j _3 f O_X Nm _2,k wp e _1 t 7 _5a 7 _3 h a j _3 f O_X Nm _2
502,thành_99_10,v M7 n _2 k 7_X j _1 d 7_X m _1 ts_ o j _2 n 7_X j _3 l o kp _6b,v M7 n _2 k 7_X j _1 t 7_X m _1 ts_ o j _2 n a_X j _3 l o kp _6b
503,tú_101_8,E m _1 r 7_X t _5b t_h i k _5b h wp a _1 h o Nm _2,r 7_X t _5b t_h i k _5b h wp a _1 h o Nm _2
504,tú_104_8,E m _1 v E _4 m o t _6b k o _1 t ie n _1,E m _1 v E _4 m o t _6b k o _1 t ie n _1
505,tú_105_8,b o _5a m E _6a ts_ O _1 b E _5a v e _2 k wp e _1,b o _5a m E _6a ts_ O _1 b E _5a v e _2 k wp e _1
506,tú_107_6,b E _5a r 7_X t _5b J 7 _5a b a _2,b E _5a r 7_X t _5b J 7 _5a b a j _2
507,tú_108_6,t_h 7_X t _6b l a _2 t wp ie t _6b,t_h 7_X t _6b l a _2 t wp ie t _6b
508,tú_109_6,k E_X J _5a h wp a _1 J O _3 J M _1 v a_X j _3 k a _5a,k E_X J _5a h wp a _1 J O _3 J M _1 v a_X j _3 k a _5a
509,tú_110_6,tS 7 j _2 d a N _1 r 7_X t _5b l E_X J _6a,tS 7 j _2 d a N _1 r 7_X t _5b l E_X J _6a
510,tú_112_6,k O n _1 ts_ i m _1 S 7 n _1 k a _1 k 7_X t _5b t ie N _5a h O t _5b,k O n _1 ts_ i m _1 S 7 n _1 z a N _1 k 7_X t _5b t ie N _5a h O t _5b
511,tú_116_6,m 7_X j _5a k O n _1 N M7 _6a d a N _1 a_X n _1 k O _3,m 7_X j _5a k O n _1 N M7 _6a d a N _1 a_X n _1 k O _3
512,tú_118_6,d M7 _5a tS E _3 ts_ i _3 m 7 j _5a S a_X w _5a t uo j _3,d M7 _5a tS E _3 ts_ i _3 m 7 j _5a S a_X w _5a t uo j _3
513,tú_119_6,m a_X t _6b d E p _6b S a N _5a N 7 j _2,m a_X t _6b d E p _6b S a N _5a N 7 j _2
514,tú_11_2,k o _1 dZ a w _5a m i m _3 k M7 j _2 t_h 7_X t _6b t M7 j _1,k o _1 dZ a w _5a m i m _3 k M7 j _2 t_h 7_X t _6b t M7 j _1
515,tú_121_5,s E _1 k 7_X p _5b k M w _5a,s E _1 k 7_X p _5b k i w _5a
516,tú_122_5,E m _1 dZ M _4 dZ i n _2 h o p _6b b u t _5b k 7_X n _3 t_h 7_X n _6a,E m _1 dZ M _4 dZ i n _2 b u t _5b k 7_X n _3 t_h 7_X n _6a
517,tú_123_5,k o _1 dZ a w _5a t_h 7_X t _6b G 7_X n _2 G u j _4,k o _1 dZ a w _5a t_h 7_X t _6b G 7_X n _2 G u j _4
518,tú_124_5,dZ O _5a m uo _2 d o Nm _1 b a_X k _5b ts_ 7 t _6b v e _2,dZ O _5a m uo _2 d o Nm _1 b a_X k _5b tS a n _2 v e _2
519,tú_125_5,N a_X j _2 k uo j _5a t_h a N _5a n a_X m _1,N a_X j _2 k uo j _5a t_h a N _5a n a_X m _1
520,tú_128_5,J M N _4 M7 k _5b m 7 _1 k a w _1 d E p _6b,M7 k _5b m 7 _1 k a w _1 d E p _6b
521,tú_12_2,k a_X p _6b S E_X k _5b k O _5a m a_X w _2 s E_X J _1 r 7_X t _5b d E p _6b,E_X J _1 k a_X p _6b S E_X k _5b k O _5a m a_X w _2 s E_X J _1 r 7_X t _5b d E p _6b
522,tú_130_5,k O n _1 G 7_X w _5a b o Nm _1 d E p _6b k wp a _5a,k O n _1 G 7_X w _5a b o Nm _1 d E p _6b k wp a _5a
523,tú_132_5,b a _2 m uo _1 k a m _1 ts_ O _1 b E _5a,b a _2 m uo _1 k a m _1 ts_ O _1 b E _5a
524,tú_133_12,ts_ u kp _5b m M N _2 n a_X m _1 m 7 j _5a,n a_X m _1 m 7 j _5a
525,tú_137_12,b a _2 d M7 _1 b E _5a d i _1 ts_ 7 _6a,b E _5a d i _1 ts_ 7 _6a
526,tú_141_4,h ie p _6b S i _4 b a_X t _5b ie w _1 t i J _1,b a_X t _5b ie w _1 t i J _1
527,tú_142_4,v M7 n _2 tS M7 _1 dZ O _5a m a t _5b,v M7 n _2 tS M7 _1 v O _3 m a t _5b
528,tú_144_4,E m _1 r 7_X t _5b k wp i _5a m e n _5a k o _1,E m _1 r 7_X t _5b k wp i _5a m e n _5a k o _1
529,tú_145_4,b E _5a t 7_X p _6b v ie t _5b,b E _5a t 7_X p _6b v ie t _5b
530,tú_146_4,k O n _1 k a w _5a v a _2 ts_ u m _2 J O _1,k O n _1 k a _5a v a _2 k i _2 n O _1
531,tú_147_4,m uo _2 d o Nm _1 l E_X J _6a k wp a _5a,m o _2 t o Nm _1 l E_X J _6a k wp a _5a
532,tú_148_4,J M N _4 k a_X n _1 J a _2 G o _4 s i J _1 s a_X n _5a,J M N _5a k a_X n _1 J a _2 G o _5a t_h i J _1 t_h a_X n _5a
533,tú_149_4,J M N _4 d a m _5a m 7_X j _1 m a_X w _2 h o Nm _2,J M N _5a d a m _5a m 7_X j _1 m a_X w _2 h o Nm _2
534,tú_14_2,t o j _1 l a _2 k a _1 S i _4 n o j _3 t ie N _5a,t o j _1 l a _2 k a _1 S i _5a n o j _3 t ie N _5a
535,tú_150_4,o Nm _1 E m _1 tS o Nm _2 k 7_X j _1 s wp a j _2 tS M7 k _5b S 7_X n _1,o Nm _1 E m _1 tS o Nm _2 k 7_X j _1 t_h wp a j _2 tS M7 k _5b S 7_X n _1
536,tú_16_2,J M N _4 k O n _1 O_X Nm _1 t_h 7_X t _6b l a _2 ts_ a_X m _1 ts_ i _3,o Nm _1 t_h 7_X t _6b l a _2 ts_ a_X m _1 ts_ i _3
537,tú_17_2,h wp a _1 S E n _1 k O _5a m u j _2 r 7_X t _5b t_h 7 m _1,h wp a _1 S E n _1 k O _5a m u j _2 r 7_X t _5b t_h 7 m _1
538,tú_18_2,k a j _5a t u _3 l E_X J _6a z u Nm _2 d e _3 l a m _2 dZ i _2,k a j _5a t_h u _3 l 7 n _6a n a_X j _2 z u Nm _2 l a m _2 dZ i _2
539,tú_19_2,b u p _5b b e _1 S ie w _1 J 7_X n _1 G 7_X w _5a b o Nm _1,b e _1 S ie w _1 J 7_X n _1 G 7_X w _5a b o Nm _1
540,tú_20_2,k a j _5a n o j _2 d e _3 m E _6a n 7_X w _5a k E_X J _1,n o j _2 d e _3 m E _6a n 7_X w _5a k E_X J _1
541,tú_21_3,k 7_X w _6a d i _1 ts_ 7_X m _6a J M _1 r uo _2 7_X j _5a,d i _1 ts_ 7_X m _6a J M _1 r uo _2 7_X j _5a
542,tú_22_3,b a j _2 h O_X kp _6b d 7_X w _2 t ie n _1 k uo _3 G 7_X w _5a k O n _1,k 7_X p _6b d 7_X w _2 t ie n _1 k uo _3 G 7_X w _5a k O n _1
543,tú_23_3,h o m _1 n a_X j _1 l a _2 t_h M _5a S a_X w _5a,n a_X j _1 l a _2 t_h M _5a S a_X w _5a
544,tú_24_3,E m _1 t_h M k _5b z 7_X j _6a t M _2 S a_X w _5a dZ 7 _2,t_h M k _5b z 7_X j _6a t M _2 S a_X w _5a dZ 7 _2
545,tú_25_3,b uo j _3 tS M7 _1 E m _1 a_X n _1 k 7 m _1 7 _3 tS M7 N _2,b uo j _3 tS M7 _1 E m _1 a_X n _1 k 7 m _1 7 _3 tS M7 N _2
546,tú_27_3,m u j _2 x wp a j _1 n M7 N _5a t_h 7 m _1 k wp a _5a,x wp a _1 l uo _5a t_h 7 m _1 k wp a _5a
547,tú_29_3,J a_X t _6b m o t _6b ts_ ie k _5b l a _5a r 7 j _1,m o t _6b ts_ ie k _5b l a _5a r 7 j _1
548,tú_30_3,ts_ i m _1 S 7_X w _1 J ie w _2 t_h e _5a,i m _1 S 7_X w _1 J ie w _2 t_h e _5a
549,tú_31_1,k a _5a x o Nm _1 a_X n _1 m uo j _5a k a _5a M7 n _1,k a _5a x o Nm _1 a_X n _1 m uo j _5a k a _5a M7 n _1
550,tú_33_1,o Nm _1 b a _2 k O _5a x wp E _3 x o Nm _1 a _6a,b a _2 k O _5a x wp E _3 x o Nm _1 a _6a
551,tú_35_1,S ie w _1 J 7_X n _1 k uo N _2 f O_X Nm _1,J 7_X n _1 k uo N _2 f O_X Nm _1
552,tú_36_1,G 7_X w _5a k O n _1 k a m _3 7 n _1 b a k _5b v O j _1,k O n _1 k a m _3 7 n _1 b a k _5b v O j _1
553,tú_37_1,E_X J _1 h u Nm _2 b ie n _3 k a _3,h u Nm _2 b ie n _3 k a _3
554,tú_37_12,E_X J _1 h u Nm _2 b ie n _3 k a _3,E_X J _1 h u Nm _2 b ie n _3 k a _3
555,tú_38_1,k O n _1 r a _1 v M7 n _2 h a j _5a t a w _5a,t a _1 v M7 n _2 h a j _5a t a w _5a
556,tú_38_12,k O n _1 r a _1 v M7 n _2 h a j _5a t a w _5a,r a _1 v M7 n _2 h a j _5a t a w _5a
557,tú_39_1,G 7_X w _5a k O n _1 b M N _1 t a w _5a m 7 j _2 b o _5a m E _6a,k O n _1 m M N _1 t a w _5a m 7 j _2 b o _5a m E _6a
558,tú_40_1,m E _6a l a _2 N M7 j _2 f u _6a n M _4 h ie n _2 z i w _6a,l a _2 N M7 j _2 f u _6a n M _4 h ie n _2 z i w _6a
559,tú_41_12,E m _1 b E _5a d a N _1 n a_X m _2 N u _3,E m _1 b E _5a d a N _1 n a_X m _2 N u _3
560,tú_44_11,b a k _5b S i _4 d a N _1 x a m _5a b e J _6a,b a k _5b S i _5a d a N _1 x a m _5a b e J _6a
561,tú_46_11,n u _6a h o n _1 tS e n _1 b a n _2 t a_X j _1,h o n _1 tS e n _1 b a n _2 t a_X j _1
562,tú_49_11,k E_X J _2 l ie w _4 b ie t _5b b a_X j _1,m 7 j _1 b a_X j _1
563,tú_50_11,h o m _1 n a_X j _1 tS 7 j _2 l E_X J _6a k wp a _5a,h o m _1 n a_X j _1 tS 7 j _2 n E_X J _6a k wp a _5a
564,tú_51_11,b o _5a l a m _2 dZ i _2 k u Nm _4 x E w _5a l E w _5a,7 _5a n a m _2 dZ i _2 k u Nm _4 h E w _5a l E w _5a
565,tú_52_11,m E _6a t e t _5b t O_X kp _5b ts_ O _1 E m _1,m E _6a E t _5b z a k _5b ts_ O _1 E m _1
566,tú_53_11,N M7 _6a f i _1 J E_X J _1 J M _1 b a_X j _1,E _5a J E_X J _1 J M _1 b a_X j _1
567,tú_54_11,a j _1 N wp a n _1 S E _4 d M7 k _6b t_h M7 N _3,a j _1 N wp a n _1 s E _4 z M7 k _6b ts_ M7 _3
568,tú_55_11,ts_ ie k _5b r e _4 d a _1 tS O n _2,ts_ ie k _5b z e _5a d a _1 ts_ O n _2
569,tú_56_10,b 7_X w _2 tS 7 j _2 s E_X J _1 t_h a_X m _1 t_h a_X m _3,b 7_X w _1 tS 7 j _1 s E_X J _1 t_h a_X m _1 t_h a_X m _1
570,tú_57_10,t o j _1 d M7 _1 m E_X J _3 dZ 7_X j _5a ts_ O _1 N M7 j _2 m E _6a,t o j _1 d M7 _1 m E_X J _1 dZ 7_X j _1 ts_ O _1 N M7 j _1 m E _1
571,tú_58_10,o Nm _1 s E m _1 v a _2 k a_X w _1 m a_X j _2,o Nm _1 s E n _1 v a _2 k a_X w _1 m a_X t _6b
572,tú_59_10,E_X J _1 G a _2 tS o Nm _5a b a_X j _1 l e n _1,E_X J _1 G a _1 tS o Nm _1 b a_X j _1 l e n _1
573,tú_60_10,b E _5a d M7 _1 m a_X t _5b J i n _2 k wp E_X J _1,b E _1 d M7 _1 m a_X t _5b J i n _1 k wp E_X J _1
574,tú_61_10,ts_ u kp _5b k O n _1 N u _3 N O n _1,ts_ u kp _5b k O n _1 N u _1 N O n _1
575,tú_62_10,m E _6a ie w _1 k O n _1,m E _1 ie w _1 k O n _1
576,tú_63_10,t_h a w _3 r 7_X t _5b ie w _1 k wp e _1 h M7 N _1 m i J _2,t_h a w _3 r 7_X t _5b ie w _1 k wp e _1 h M7 n _1 m i J _2
577,tú_64_10,k 7 n _1 m M7 _1 r a w _2 k E w _5a d e n _5a,k 7 n _1 m M7 _1 r a w _1 k E w _1 d e n _1
578,tú_65_10,tS 7 j _2 N a_X j _2 k a N _2 l E_X J _6a h 7 n _1,tS 7 j _2 N a_X j _2 k a N _2 n E_X J _6a h 7 n _1
579,tú_66_10,l a _5a k 7_X j _1 m uo _2 t_h u _1,n a _5a k 7_X j _1 m uo _2 t_h u m _1
580,tú_67_10,J i m _5a k O n _1 v o _1 k u Nm _2 N a k _6b J ie n _1,k O n _1 v o _1 k u Nm _2 N a t _6b J ie n _1
581,tú_68_10,t e n _1 b a n _6a l a _2 dZ i _2,t e n _1 b a n _1 l a _1 dZ i _1
582,tú_69_10,k 7_X j _1 k o j _5a u m _1 t u m _2,k 7_X j _1 k o j _1 u m _1 t u m _1
583,tú_70_10,O_X Nm _1 ts_ uo _5a b a_X j _1 v e _2 t o _3,O_X Nm _1 ts_ uo _1 b a_X j _1 v e _1 t o _1
584,tú_71_9,k wp e _1 h M7 N _1 l a _2 ts_ u m _2 x e _5a N O t _6b,k wp e _1 h M7 N _1 n a _2 tS u m _2 x e _5a N O t _6b
585,tú_72_9,tS 7 j _2 m uo _2 t_h u _1 m a t _5b m E _3,7 j _2 m uo _2 t_h u _1 m a t _5b m E _3
586,tú_73_9,ts_ a w _1 o j _1 h a_X j _1 k wp a _5a,a _1 o j _1 h a_X j _1 k wp a _5a
587,tú_74_9,t_h 7_X t _6b l a _2 t wp ie t _6b z ie w _6a,t_h 7_X t _6b n a _2 t ie t _6b z ie w _6a
588,tú_75_9,E m _1 b E _5a d a N _1 N wp a n _1 N wp a n _4 a_X n _1 k 7 m _1,b E _5a d a N _1 N wp a n _1 N wp a n _4 a_X n _1 k 7 m _1
589,tú_76_9,m 7 j _5a S a N _5a t i J _1 m 7 _1,7 j _5a S a N _5a t i J _1 m 7 _1
590,tú_77_9,ts_ i _1 v a w _2 t_h a_X m _1 v M7 n _2 h wp a _1,h i _1 v a w _2 t_h a_X m _1 v M7 n _2 h wp a _1
591,tú_78_9,b a n _6a J O _3 t_h a _3 z ie w _2 tS e n _1 k E_X J _5a d o Nm _2,b a n _6a J O _3 t_h a _3 z ie w _2 tS e n _1 k E_X J _5a d o Nm _2
592,tú_79_9,E n _5a k O n _1 d a N _1 b a_X j _1 k wp a _1 S o Nm _1,E n _5a k O n _1 d a N _1 m a_X j _1 k wp a _1 S o Nm _1
593,tú_80_9,J O _1 k O n _2 s E_X J _1 l a_X m _5a,O _1 k O n _2 s E_X J _1 n a_X m _5a
594,tú_81_9,m o t _6b ts_ ie k _5b l M7 k _6b r 7_X t _5b d E p _6b,m o t _6b ts_ ie k _5b l M7 k _6b z 7_X t _5b d E p _6b
595,tú_82_9,t_h O _3 k O n _1 J i n _2 k a w _5a,k O n _1 J i n _2 k a w _5a
596,tú_83_8,k a k _5b b a n _6a k O _5a k wp E n _1 z e _5a m E n _2 x o Nm _1,k a k _5b b a n _6a k O _5a k wp e n _1 z e _5a m E n _2 n o Nm _1
597,tú_84_8,b E _5a t 7_X p _6b d O_X kp _6b,b E _5a t 7_X p _6b d O_X kp _6b
598,tú_85_8,t o j _1 tS 7 _3 v e _2 k wp e _1 h M7 N _1,t o j _1 tS 7 _3 k wp e _2 k wp e _1 h wp 7 _1
599,tú_86_8,d M7 N _2 v e _2 s a _1 l a_X k _5b s a _1 l 7 _1,d M7 N _2 v e _2 s a _1 l a_X k _5b s a _1 l 7 _1
600,tú_87_8,t o j _1 d e n _5a t_h a_X m _1 E_X J _1 h a j _1 t o j _1,t o j _1 d e n _5a h a j _1 t_h E_X J _1 a j _1 t o j _1
601,tú_88_8,E m _1 ie w _1 N o j _1 J a _2 k uo _3 E m _1,E m _1 ie w _1 m uo _1 J a _2 k uo _3 E m _1
602,tú_89_7,E m _1 ie w _1 t ie N _5a ts_ i m _1,d ie N _5a d i m _1
603,tú_90_7,m uo _2 h E _2 d e n _5a r o j _2,h E _2 d e n _5a r o j _2
604,tú_91_7,o Nm _1 7 j _1 o Nm _1 k O _5a x wp E _3 x o Nm _1,o j _1 o Nm _1 o Nm _1 k O _5a x wp E _3 h o Nm _1
605,tú_92_7,d u Nm _5a l u kp _5b d O _5a tS 7 j _2 d o _3 m M7 _1,h o p _5b d O _5a t 7 j _2 t o _3 m M7 _1
606,tú_93_7,b o _5a m E _6a dZ u p _5b k O n _1 ts_ wp 7_X n _3 b i _6a J E _5a,b o _5a m E _6a t u p _5b t O n _1 t wp 7_X n _3 b i _6a J E _5a
607,tú_94_7,J a _2 h M7 N _1 tS o Nm _1 t_h 7_X t _6b l a _2 d E p _6b,z u Nm _1 t_h o Nm _1 t_h 7_X t _6b n a _2 d E p _6b
608,tú_96_7,tS a N _1 t_h M7 N _1 ts_ u _5a h e _2 l a_X m _5a,r u _5a h wp e _2 n O_X Nm _5a
609,tú_97_7,k O n _1 m E w _2 l o Nm _1 v a N _2 O_X Nm _5a,t O n _1 m E w _2 n o Nm _1 v a N _2 n O_X Nm _5a
610,tú_98_7,k wp e _1 t 7 _5a 7 _3 h a j _3 f O_X Nm _2,t 7 _5a 7 _3 z a j _6a v O_X Nm _2
611,tú_99_7,v M7 n _2 k 7_X j _1 d 7_X m _1 ts_ o j _2 n 7_X j _3 l o kp _6b,v M7 n _2 v M7 n _2 t 7_X j _1 t 7_X m _1 t o j _2 n a_X j _3 n O_X kp _6b
